timestamp,violation_type,confidence,frame_num,worker_id,file_path
2025-11-08 11:58:26,NoVest,0.5071835517883301,5,4,/content/drive/MyDrive/AI-SafetyEye-YOLOv8/violations/20251108/4/NoVest/20251108115826_NoVest_frame5.jpg
2025-11-08 11:58:26,NoVest,0.6190255880355835,40,4,/content/drive/MyDrive/AI-SafetyEye-YOLOv8/violations/20251108/4/NoVest/20251108115826_NoVest_frame40.jpg
2025-11-08 11:58:28,NoVest,0.5578250885009766,44,4,/content/drive/MyDrive/AI-SafetyEye-YOLOv8/violations/20251108/4/NoVest/20251108115828_NoVest_frame44.jpg
2025-11-08 11:58:29,NoVest,0.6327784657478333,46,4,/content/drive/MyDrive/AI-SafetyEye-YOLOv8/violations/20251108/4/NoVest/20251108115829_NoVest_frame46.jpg
2025-11-08 11:58:29,NoVest,0.6981168389320374,47,4,/content/drive/MyDrive/AI-SafetyEye-YOLOv8/violations/20251108/4/NoVest/20251108115829_NoVest_frame47.jpg
2025-11-08 11:58:30,NoVest,0.6981168389320374,48,4,/content/drive/MyDrive/AI-SafetyEye-YOLOv8/violations/20251108/4/NoVest/20251108115830_NoVest_frame48.jpg
2025-11-08 11:58:31,NoVest,0.6837053298950195,49,4,/content/drive/MyDrive/AI-SafetyEye-YOLOv8/violations/20251108/4/NoVest/20251108115831_NoVest_frame49.jpg
2025-11-08 11:58:31,NoVest,0.535633385181427,50,4,/content/drive/MyDrive/AI-SafetyEye-YOLOv8/violations/20251108/4/NoVest/20251108115831_NoVest_frame50.jpg
2025-11-08 11:58:32,NoVest,0.5068612694740295,50,4,/content/drive/MyDrive/AI-SafetyEye-YOLOv8/violations/20251108/4/NoVest/20251108115832_NoVest_frame50.jpg
2025-11-08 11:58:34,NoVest,0.5218045711517334,51,4,/content/drive/MyDrive/AI-SafetyEye-YOLOv8/violations/20251108/4/NoVest/20251108115833_NoVest_frame51.jpg
2025-11-08 11:58:34,NoVest,0.7963203191757202,52,4,/content/drive/MyDrive/AI-SafetyEye-YOLOv8/violations/20251108/4/NoVest/20251108115834_NoVest_frame52.jpg
2025-11-08 11:58:35,NoVest,0.7960482239723206,53,4,/content/drive/MyDrive/AI-SafetyEye-YOLOv8/violations/20251108/4/NoVest/20251108115835_NoVest_frame53.jpg
2025-11-08 11:58:35,NoVest,0.7703436613082886,54,4,/content/drive/MyDrive/AI-SafetyEye-YOLOv8/violations/20251108/4/NoVest/20251108115835_NoVest_frame54.jpg
2025-11-08 11:58:36,NoVest,0.7856833338737488,55,4,/content/drive/MyDrive/AI-SafetyEye-YOLOv8/violations/20251108/4/NoVest/20251108115836_NoVest_frame55.jpg
2025-11-08 11:58:37,NoVest,0.8083692193031311,56,4,/content/drive/MyDrive/AI-SafetyEye-YOLOv8/violations/20251108/4/NoVest/20251108115837_NoVest_frame56.jpg
2025-11-08 11:58:37,NoVest,0.8084163069725037,57,4,/content/drive/MyDrive/AI-SafetyEye-YOLOv8/violations/20251108/4/NoVest/20251108115837_NoVest_frame57.jpg
2025-11-08 11:58:38,NoVest,0.797910749912262,58,4,/content/drive/MyDrive/AI-SafetyEye-YOLOv8/violations/20251108/4/NoVest/20251108115838_NoVest_frame58.jpg
2025-11-08 11:58:38,NoVest,0.7788960933685303,59,4,/content/drive/MyDrive/AI-SafetyEye-YOLOv8/violations/20251108/4/NoVest/20251108115838_NoVest_frame59.jpg
2025-11-08 11:58:39,NoVest,0.7790731191635132,60,4,/content/drive/MyDrive/AI-SafetyEye-YOLOv8/violations/20251108/4/NoVest/20251108115839_NoVest_frame60.jpg
2025-11-08 11:58:40,NoVest,0.7886330485343933,61,4,/content/drive/MyDrive/AI-SafetyEye-YOLOv8/violations/20251108/4/NoVest/20251108115840_NoVest_frame61.jpg
2025-11-08 11:58:40,NoVest,0.8227062225341797,62,4,/content/drive/MyDrive/AI-SafetyEye-YOLOv8/violations/20251108/4/NoVest/20251108115840_NoVest_frame62.jpg
2025-11-08 11:58:41,NoVest,0.8286294341087341,63,4,/content/drive/MyDrive/AI-SafetyEye-YOLOv8/violations/20251108/4/NoVest/20251108115841_NoVest_frame63.jpg
2025-11-08 11:58:42,NoVest,0.8285626769065857,64,4,/content/drive/MyDrive/AI-SafetyEye-YOLOv8/violations/20251108/4/NoVest/20251108115842_NoVest_frame64.jpg
2025-11-08 11:58:43,NoVest,0.850395143032074,65,4,/content/drive/MyDrive/AI-SafetyEye-YOLOv8/violations/20251108/4/NoVest/20251108115843_NoVest_frame65.jpg
2025-11-08 11:58:44,NoVest,0.85047447681427,66,4,/content/drive/MyDrive/AI-SafetyEye-YOLOv8/violations/20251108/4/NoVest/20251108115844_NoVest_frame66.jpg
2025-11-08 11:58:45,NoVest,0.8409767746925354,67,4,/content/drive/MyDrive/AI-SafetyEye-YOLOv8/violations/20251108/4/NoVest/20251108115845_NoVest_frame67.jpg
2025-11-08 11:58:46,NoVest,0.7815701961517334,68,4,/content/drive/MyDrive/AI-SafetyEye-YOLOv8/violations/20251108/4/NoVest/20251108115846_NoVest_frame68.jpg
2025-11-08 11:58:47,NoVest,0.7035399675369263,69,4,/content/drive/MyDrive/AI-SafetyEye-YOLOv8/violations/20251108/4/NoVest/20251108115847_NoVest_frame69.jpg
2025-11-08 11:58:47,NoVest,0.7037646770477295,70,4,/content/drive/MyDrive/AI-SafetyEye-YOLOv8/violations/20251108/4/NoVest/20251108115847_NoVest_frame70.jpg
2025-11-08 11:58:48,NoVest,0.7788848280906677,71,4,/content/drive/MyDrive/AI-SafetyEye-YOLOv8/violations/20251108/4/NoVest/20251108115848_NoVest_frame71.jpg
2025-11-08 11:58:49,NoVest,0.7783202528953552,72,4,/content/drive/MyDrive/AI-SafetyEye-YOLOv8/violations/20251108/4/NoVest/20251108115849_NoVest_frame72.jpg
2025-11-08 11:58:50,NoVest,0.7920079231262207,73,4,/content/drive/MyDrive/AI-SafetyEye-YOLOv8/violations/20251108/4/NoVest/20251108115850_NoVest_frame73.jpg
2025-11-08 11:58:51,NoVest,0.7920079231262207,74,4,/content/drive/MyDrive/AI-SafetyEye-YOLOv8/violations/20251108/4/NoVest/20251108115851_NoVest_frame74.jpg
2025-11-08 11:58:51,NoVest,0.7943161129951477,75,4,/content/drive/MyDrive/AI-SafetyEye-YOLOv8/violations/20251108/4/NoVest/20251108115851_NoVest_frame75.jpg
2025-11-08 11:58:52,NoVest,0.79489666223526,76,4,/content/drive/MyDrive/AI-SafetyEye-YOLOv8/violations/20251108/4/NoVest/20251108115852_NoVest_frame76.jpg
2025-11-08 11:58:53,NoVest,0.7528899312019348,77,4,/content/drive/MyDrive/AI-SafetyEye-YOLOv8/violations/20251108/4/NoVest/20251108115853_NoVest_frame77.jpg
2025-11-08 11:58:54,NoVest,0.7529690265655518,78,4,/content/drive/MyDrive/AI-SafetyEye-YOLOv8/violations/20251108/4/NoVest/20251108115854_NoVest_frame78.jpg
2025-11-08 11:58:55,NoVest,0.7358819246292114,79,4,/content/drive/MyDrive/AI-SafetyEye-YOLOv8/violations/20251108/4/NoVest/20251108115855_NoVest_frame79.jpg
2025-11-08 11:58:56,NoVest,0.7370197176933289,80,4,/content/drive/MyDrive/AI-SafetyEye-YOLOv8/violations/20251108/4/NoVest/20251108115856_NoVest_frame80.jpg
2025-11-08 11:58:57,NoVest,0.7365103363990784,81,4,/content/drive/MyDrive/AI-SafetyEye-YOLOv8/violations/20251108/4/NoVest/20251108115857_NoVest_frame81.jpg
2025-11-08 11:58:58,NoVest,0.6171057224273682,82,4,/content/drive/MyDrive/AI-SafetyEye-YOLOv8/violations/20251108/4/NoVest/20251108115858_NoVest_frame82.jpg
2025-11-08 11:58:59,NoVest,0.6170555353164673,83,4,/content/drive/MyDrive/AI-SafetyEye-YOLOv8/violations/20251108/4/NoVest/20251108115859_NoVest_frame83.jpg
2025-11-08 11:59:00,NoVest,0.6170593500137329,84,4,/content/drive/MyDrive/AI-SafetyEye-YOLOv8/violations/20251108/4/NoVest/20251108115900_NoVest_frame84.jpg
2025-11-08 11:59:01,NoVest,0.5437475442886353,85,4,/content/drive/MyDrive/AI-SafetyEye-YOLOv8/violations/20251108/4/NoVest/20251108115901_NoVest_frame85.jpg
2025-11-08 11:59:02,NoVest,0.616303026676178,86,4,/content/drive/MyDrive/AI-SafetyEye-YOLOv8/violations/20251108/4/NoVest/20251108115902_NoVest_frame86.jpg
2025-11-08 11:59:03,NoVest,0.6071890592575073,87,4,/content/drive/MyDrive/AI-SafetyEye-YOLOv8/violations/20251108/4/NoVest/20251108115903_NoVest_frame87.jpg
2025-11-08 11:59:04,NoVest,0.6023851037025452,88,4,/content/drive/MyDrive/AI-SafetyEye-YOLOv8/violations/20251108/4/NoVest/20251108115904_NoVest_frame88.jpg
2025-11-08 11:59:05,NoVest,0.6068491339683533,89,4,/content/drive/MyDrive/AI-SafetyEye-YOLOv8/violations/20251108/4/NoVest/20251108115905_NoVest_frame89.jpg
2025-11-08 11:59:06,NoVest,0.6216893792152405,90,4,/content/drive/MyDrive/AI-SafetyEye-YOLOv8/violations/20251108/4/NoVest/20251108115906_NoVest_frame90.jpg
2025-11-08 11:59:07,NoVest,0.643894374370575,91,4,/content/drive/MyDrive/AI-SafetyEye-YOLOv8/violations/20251108/4/NoVest/20251108115907_NoVest_frame91.jpg
2025-11-08 11:59:08,NoVest,0.6460060477256775,92,4,/content/drive/MyDrive/AI-SafetyEye-YOLOv8/violations/20251108/4/NoVest/20251108115908_NoVest_frame92.jpg
2025-11-08 11:59:09,NoVest,0.6442521810531616,93,4,/content/drive/MyDrive/AI-SafetyEye-YOLOv8/violations/20251108/4/NoVest/20251108115909_NoVest_frame93.jpg
2025-11-08 11:59:10,NoVest,0.7503384351730347,94,4,/content/drive/MyDrive/AI-SafetyEye-YOLOv8/violations/20251108/4/NoVest/20251108115910_NoVest_frame94.jpg
2025-11-08 11:59:12,NoVest,0.7503250241279602,95,4,/content/drive/MyDrive/AI-SafetyEye-YOLOv8/violations/20251108/4/NoVest/20251108115912_NoVest_frame95.jpg
2025-11-08 11:59:13,NoVest,0.7804722189903259,96,4,/content/drive/MyDrive/AI-SafetyEye-YOLOv8/violations/20251108/4/NoVest/20251108115913_NoVest_frame96.jpg
2025-11-08 11:59:14,NoVest,0.7879021763801575,97,4,/content/drive/MyDrive/AI-SafetyEye-YOLOv8/violations/20251108/4/NoVest/20251108115914_NoVest_frame97.jpg
2025-11-08 11:59:15,NoVest,0.7885267734527588,98,4,/content/drive/MyDrive/AI-SafetyEye-YOLOv8/violations/20251108/4/NoVest/20251108115915_NoVest_frame98.jpg
2025-11-08 11:59:16,NoVest,0.7908211350440979,99,4,/content/drive/MyDrive/AI-SafetyEye-YOLOv8/violations/20251108/4/NoVest/20251108115916_NoVest_frame99.jpg
2025-11-08 11:59:17,NoVest,0.7875968217849731,100,4,/content/drive/MyDrive/AI-SafetyEye-YOLOv8/violations/20251108/4/NoVest/20251108115917_NoVest_frame100.jpg
2025-11-08 11:59:19,NoVest,0.7857537269592285,101,4,/content/drive/MyDrive/AI-SafetyEye-YOLOv8/violations/20251108/4/NoVest/20251108115919_NoVest_frame101.jpg
2025-11-08 11:59:21,NoVest,0.7709706425666809,102,4,/content/drive/MyDrive/AI-SafetyEye-YOLOv8/violations/20251108/4/NoVest/20251108115921_NoVest_frame102.jpg
2025-11-08 11:59:24,NoVest,0.7603668570518494,103,4,/content/drive/MyDrive/AI-SafetyEye-YOLOv8/violations/20251108/4/NoVest/20251108115924_NoVest_frame103.jpg
2025-11-08 11:59:27,NoVest,0.7572027444839478,104,4,/content/drive/MyDrive/AI-SafetyEye-YOLOv8/violations/20251108/4/NoVest/20251108115927_NoVest_frame104.jpg
2025-11-08 11:59:29,NoVest,0.7592853903770447,105,4,/content/drive/MyDrive/AI-SafetyEye-YOLOv8/violations/20251108/4/NoVest/20251108115929_NoVest_frame105.jpg
2025-11-08 11:59:31,NoVest,0.7477016448974609,106,4,/content/drive/MyDrive/AI-SafetyEye-YOLOv8/violations/20251108/4/NoVest/20251108115931_NoVest_frame106.jpg
2025-11-08 11:59:33,NoVest,0.7461841106414795,107,4,/content/drive/MyDrive/AI-SafetyEye-YOLOv8/violations/20251108/4/NoVest/20251108115933_NoVest_frame107.jpg
2025-11-08 11:59:35,NoVest,0.7564427852630615,108,4,/content/drive/MyDrive/AI-SafetyEye-YOLOv8/violations/20251108/4/NoVest/20251108115935_NoVest_frame108.jpg
2025-11-08 11:59:37,NoVest,0.7780922651290894,109,4,/content/drive/MyDrive/AI-SafetyEye-YOLOv8/violations/20251108/4/NoVest/20251108115937_NoVest_frame109.jpg
2025-11-08 11:59:40,NoVest,0.7732306122779846,110,4,/content/drive/MyDrive/AI-SafetyEye-YOLOv8/violations/20251108/4/NoVest/20251108115940_NoVest_frame110.jpg
2025-11-08 11:59:42,NoVest,0.7793328762054443,111,4,/content/drive/MyDrive/AI-SafetyEye-YOLOv8/violations/20251108/4/NoVest/20251108115942_NoVest_frame111.jpg
2025-11-08 11:59:44,NoVest,0.7889233827590942,112,4,/content/drive/MyDrive/AI-SafetyEye-YOLOv8/violations/20251108/4/NoVest/20251108115944_NoVest_frame112.jpg
2025-11-08 11:59:46,NoVest,0.7883760929107666,113,4,/content/drive/MyDrive/AI-SafetyEye-YOLOv8/violations/20251108/4/NoVest/20251108115946_NoVest_frame113.jpg
2025-11-08 11:59:49,NoVest,0.7889233827590942,114,4,/content/drive/MyDrive/AI-SafetyEye-YOLOv8/violations/20251108/4/NoVest/20251108115949_NoVest_frame114.jpg
2025-11-08 11:59:52,NoVest,0.8141815066337585,115,4,/content/drive/MyDrive/AI-SafetyEye-YOLOv8/violations/20251108/4/NoVest/20251108115952_NoVest_frame115.jpg
2025-11-08 11:59:55,NoVest,0.814279317855835,116,4,/content/drive/MyDrive/AI-SafetyEye-YOLOv8/violations/20251108/4/NoVest/20251108115954_NoVest_frame116.jpg
2025-11-08 11:59:57,NoVest,0.8139486908912659,117,4,/content/drive/MyDrive/AI-SafetyEye-YOLOv8/violations/20251108/4/NoVest/20251108115957_NoVest_frame117.jpg
2025-11-08 11:59:59,NoVest,0.7426607608795166,118,4,/content/drive/MyDrive/AI-SafetyEye-YOLOv8/violations/20251108/4/NoVest/20251108115959_NoVest_frame118.jpg
2025-11-08 12:00:02,NoVest,0.7428710460662842,119,4,/content/drive/MyDrive/AI-SafetyEye-YOLOv8/violations/20251108/4/NoVest/20251108120002_NoVest_frame119.jpg
2025-11-08 12:00:05,NoVest,0.7428469657897949,120,4,/content/drive/MyDrive/AI-SafetyEye-YOLOv8/violations/20251108/4/NoVest/20251108120005_NoVest_frame120.jpg
2025-11-08 12:00:08,NoVest,0.6305027008056641,121,4,/content/drive/MyDrive/AI-SafetyEye-YOLOv8/violations/20251108/4/NoVest/20251108120008_NoVest_frame121.jpg
2025-11-08 12:00:10,NoVest,0.7522493600845337,122,4,/content/drive/MyDrive/AI-SafetyEye-YOLOv8/violations/20251108/4/NoVest/20251108120010_NoVest_frame122.jpg
2025-11-08 12:00:13,NoVest,0.6675425171852112,123,4,/content/drive/MyDrive/AI-SafetyEye-YOLOv8/violations/20251108/4/NoVest/20251108120013_NoVest_frame123.jpg
2025-11-08 12:00:15,NoVest,0.6662957668304443,124,4,/content/drive/MyDrive/AI-SafetyEye-YOLOv8/violations/20251108/4/NoVest/20251108120015_NoVest_frame124.jpg
2025-11-08 12:00:19,NoVest,0.665136992931366,125,4,/content/drive/MyDrive/AI-SafetyEye-YOLOv8/violations/20251108/4/NoVest/20251108120019_NoVest_frame125.jpg
2025-11-08 12:00:21,NoVest,0.5899791717529297,126,4,/content/drive/MyDrive/AI-SafetyEye-YOLOv8/violations/20251108/4/NoVest/20251108120021_NoVest_frame126.jpg
2025-11-08 12:00:24,NoVest,0.5047410726547241,126,4,/content/drive/MyDrive/AI-SafetyEye-YOLOv8/violations/20251108/4/NoVest/20251108120024_NoVest_frame126.jpg
2025-11-08 12:00:25,NoVest,0.6535407304763794,127,4,/content/drive/MyDrive/AI-SafetyEye-YOLOv8/violations/20251108/4/NoVest/20251108120025_NoVest_frame127.jpg
2025-11-08 12:00:27,NoVest,0.6538853049278259,128,4,/content/drive/MyDrive/AI-SafetyEye-YOLOv8/violations/20251108/4/NoVest/20251108120027_NoVest_frame128.jpg
2025-11-08 12:00:30,NoVest,0.651321530342102,129,4,/content/drive/MyDrive/AI-SafetyEye-YOLOv8/violations/20251108/4/NoVest/20251108120030_NoVest_frame129.jpg
2025-11-08 12:00:33,NoVest,0.6825208067893982,130,4,/content/drive/MyDrive/AI-SafetyEye-YOLOv8/violations/20251108/4/NoVest/20251108120033_NoVest_frame130.jpg
2025-11-08 12:00:34,NoVest,0.6815138459205627,131,4,/content/drive/MyDrive/AI-SafetyEye-YOLOv8/violations/20251108/4/NoVest/20251108120034_NoVest_frame131.jpg
2025-11-08 12:00:36,NoVest,0.6520665884017944,132,4,/content/drive/MyDrive/AI-SafetyEye-YOLOv8/violations/20251108/4/NoVest/20251108120036_NoVest_frame132.jpg
2025-11-08 12:00:38,NoVest,0.7182268500328064,133,4,/content/drive/MyDrive/AI-SafetyEye-YOLOv8/violations/20251108/4/NoVest/20251108120038_NoVest_frame133.jpg
2025-11-08 12:00:41,NoVest,0.7182779908180237,134,4,/content/drive/MyDrive/AI-SafetyEye-YOLOv8/violations/20251108/4/NoVest/20251108120041_NoVest_frame134.jpg
2025-11-08 12:00:44,NoVest,0.7176759243011475,135,4,/content/drive/MyDrive/AI-SafetyEye-YOLOv8/violations/20251108/4/NoVest/20251108120044_NoVest_frame135.jpg
2025-11-08 12:00:47,NoVest,0.7073177695274353,136,4,/content/drive/MyDrive/AI-SafetyEye-YOLOv8/violations/20251108/4/NoVest/20251108120047_NoVest_frame136.jpg
2025-11-08 12:00:49,NoVest,0.7076233625411987,137,4,/content/drive/MyDrive/AI-SafetyEye-YOLOv8/violations/20251108/4/NoVest/20251108120049_NoVest_frame137.jpg
2025-11-08 12:00:52,NoVest,0.7742583751678467,138,4,/content/drive/MyDrive/AI-SafetyEye-YOLOv8/violations/20251108/4/NoVest/20251108120052_NoVest_frame138.jpg
2025-11-08 12:00:54,NoVest,0.6951792240142822,139,4,/content/drive/MyDrive/AI-SafetyEye-YOLOv8/violations/20251108/4/NoVest/20251108120054_NoVest_frame139.jpg
2025-11-08 12:00:57,NoVest,0.6954146027565002,140,4,/content/drive/MyDrive/AI-SafetyEye-YOLOv8/violations/20251108/4/NoVest/20251108120057_NoVest_frame140.jpg
2025-11-08 12:01:00,NoVest,0.6960139870643616,141,4,/content/drive/MyDrive/AI-SafetyEye-YOLOv8/violations/20251108/4/NoVest/20251108120100_NoVest_frame141.jpg
2025-11-08 12:01:03,NoVest,0.7390398383140564,142,4,/content/drive/MyDrive/AI-SafetyEye-YOLOv8/violations/20251108/4/NoVest/20251108120103_NoVest_frame142.jpg
2025-11-08 12:01:05,NoVest,0.7390418648719788,143,4,/content/drive/MyDrive/AI-SafetyEye-YOLOv8/violations/20251108/4/NoVest/20251108120105_NoVest_frame143.jpg
2025-11-08 12:01:07,NoVest,0.7598705887794495,144,4,/content/drive/MyDrive/AI-SafetyEye-YOLOv8/violations/20251108/4/NoVest/20251108120107_NoVest_frame144.jpg
2025-11-08 12:01:11,NoVest,0.7103093266487122,145,4,/content/drive/MyDrive/AI-SafetyEye-YOLOv8/violations/20251108/4/NoVest/20251108120111_NoVest_frame145.jpg
2025-11-08 12:01:13,NoVest,0.7069279551506042,146,4,/content/drive/MyDrive/AI-SafetyEye-YOLOv8/violations/20251108/4/NoVest/20251108120113_NoVest_frame146.jpg
2025-11-08 12:01:16,NoVest,0.7058511972427368,147,4,/content/drive/MyDrive/AI-SafetyEye-YOLOv8/violations/20251108/4/NoVest/20251108120116_NoVest_frame147.jpg
2025-11-08 12:01:18,NoVest,0.6566096544265747,148,4,/content/drive/MyDrive/AI-SafetyEye-YOLOv8/violations/20251108/4/NoVest/20251108120118_NoVest_frame148.jpg
2025-11-08 12:01:21,NoVest,0.7000924348831177,149,4,/content/drive/MyDrive/AI-SafetyEye-YOLOv8/violations/20251108/4/NoVest/20251108120121_NoVest_frame149.jpg
2025-11-08 12:01:26,NoVest,0.7015483379364014,150,4,/content/drive/MyDrive/AI-SafetyEye-YOLOv8/violations/20251108/4/NoVest/20251108120126_NoVest_frame150.jpg
2025-11-08 12:01:29,NoVest,0.7452182173728943,151,4,/content/drive/MyDrive/AI-SafetyEye-YOLOv8/violations/20251108/4/NoVest/20251108120129_NoVest_frame151.jpg
2025-11-08 12:01:33,NoVest,0.7453452944755554,152,4,/content/drive/MyDrive/AI-SafetyEye-YOLOv8/violations/20251108/4/NoVest/20251108120133_NoVest_frame152.jpg
2025-11-08 12:01:39,NoVest,0.5455619096755981,153,4,/content/drive/MyDrive/AI-SafetyEye-YOLOv8/violations/20251108/4/NoVest/20251108120139_NoVest_frame153.jpg
2025-11-08 12:01:48,NoVest,0.6306700706481934,159,4,/content/drive/MyDrive/AI-SafetyEye-YOLOv8/violations/20251108/4/NoVest/20251108120148_NoVest_frame159.jpg
2025-11-08 12:01:50,NoVest,0.6809635758399963,160,4,/content/drive/MyDrive/AI-SafetyEye-YOLOv8/violations/20251108/4/NoVest/20251108120150_NoVest_frame160.jpg
2025-11-08 12:01:53,NoVest,0.6806949973106384,161,4,/content/drive/MyDrive/AI-SafetyEye-YOLOv8/violations/20251108/4/NoVest/20251108120153_NoVest_frame161.jpg
2025-11-08 12:01:55,NoVest,0.7801831364631653,162,4,/content/drive/MyDrive/AI-SafetyEye-YOLOv8/violations/20251108/4/NoVest/20251108120155_NoVest_frame162.jpg
2025-11-08 12:01:56,NoVest,0.6978269815444946,162,4,/content/drive/MyDrive/AI-SafetyEye-YOLOv8/violations/20251108/4/NoVest/20251108120156_NoVest_frame162.jpg
2025-11-08 12:01:59,NoVest,0.5313559174537659,162,4,/content/drive/MyDrive/AI-SafetyEye-YOLOv8/violations/20251108/4/NoVest/20251108120159_NoVest_frame162.jpg
2025-11-08 12:02:00,NoVest,0.7280556559562683,163,4,/content/drive/MyDrive/AI-SafetyEye-YOLOv8/violations/20251108/4/NoVest/20251108120200_NoVest_frame163.jpg
2025-11-08 12:02:05,NoVest,0.7799251079559326,164,4,/content/drive/MyDrive/AI-SafetyEye-YOLOv8/violations/20251108/4/NoVest/20251108120205_NoVest_frame164.jpg
2025-11-08 12:02:09,NoVest,0.5683872699737549,164,4,/content/drive/MyDrive/AI-SafetyEye-YOLOv8/violations/20251108/4/NoVest/20251108120209_NoVest_frame164.jpg
2025-11-08 12:02:10,NoVest,0.560675323009491,164,4,/content/drive/MyDrive/AI-SafetyEye-YOLOv8/violations/20251108/4/NoVest/20251108120210_NoVest_frame164.jpg
2025-11-08 12:02:11,NoVest,0.7478512525558472,165,4,/content/drive/MyDrive/AI-SafetyEye-YOLOv8/violations/20251108/4/NoVest/20251108120211_NoVest_frame165.jpg
2025-11-08 12:02:15,NoVest,0.5346507430076599,165,4,/content/drive/MyDrive/AI-SafetyEye-YOLOv8/violations/20251108/4/NoVest/20251108120215_NoVest_frame165.jpg
2025-11-08 12:02:17,NoVest,0.7330584526062012,166,4,/content/drive/MyDrive/AI-SafetyEye-YOLOv8/violations/20251108/4/NoVest/20251108120217_NoVest_frame166.jpg
2025-11-08 12:02:21,NoVest,0.7330190539360046,167,4,/content/drive/MyDrive/AI-SafetyEye-YOLOv8/violations/20251108/4/NoVest/20251108120221_NoVest_frame167.jpg
2025-11-08 12:02:25,NoVest,0.7561237812042236,168,4,/content/drive/MyDrive/AI-SafetyEye-YOLOv8/violations/20251108/4/NoVest/20251108120225_NoVest_frame168.jpg
2025-11-08 12:02:29,NoVest,0.7365334630012512,169,4,/content/drive/MyDrive/AI-SafetyEye-YOLOv8/violations/20251108/4/NoVest/20251108120229_NoVest_frame169.jpg
2025-11-08 12:02:35,NoVest,0.661880612373352,170,4,/content/drive/MyDrive/AI-SafetyEye-YOLOv8/violations/20251108/4/NoVest/20251108120235_NoVest_frame170.jpg
2025-11-08 12:02:37,NoVest,0.7048603892326355,171,4,/content/drive/MyDrive/AI-SafetyEye-YOLOv8/violations/20251108/4/NoVest/20251108120237_NoVest_frame171.jpg
2025-11-08 12:02:43,NoVest,0.6654772162437439,172,4,/content/drive/MyDrive/AI-SafetyEye-YOLOv8/violations/20251108/4/NoVest/20251108120243_NoVest_frame172.jpg
2025-11-08 12:02:46,NoVest,0.6652944087982178,173,4,/content/drive/MyDrive/AI-SafetyEye-YOLOv8/violations/20251108/4/NoVest/20251108120246_NoVest_frame173.jpg
2025-11-08 12:02:48,NoVest,0.5456857681274414,174,4,/content/drive/MyDrive/AI-SafetyEye-YOLOv8/violations/20251108/4/NoVest/20251108120248_NoVest_frame174.jpg
2025-11-08 12:02:51,NoVest,0.5460892915725708,175,4,/content/drive/MyDrive/AI-SafetyEye-YOLOv8/violations/20251108/4/NoVest/20251108120251_NoVest_frame175.jpg
2025-11-08 12:02:53,NoVest,0.5049636363983154,176,4,/content/drive/MyDrive/AI-SafetyEye-YOLOv8/violations/20251108/4/NoVest/20251108120253_NoVest_frame176.jpg
2025-11-08 12:02:58,NoVest,0.5233656167984009,178,4,/content/drive/MyDrive/AI-SafetyEye-YOLOv8/violations/20251108/4/NoVest/20251108120258_NoVest_frame178.jpg
2025-11-08 12:03:01,NoVest,0.5779692530632019,179,4,/content/drive/MyDrive/AI-SafetyEye-YOLOv8/violations/20251108/4/NoVest/20251108120301_NoVest_frame179.jpg
2025-11-08 12:03:03,NoVest,0.5777438879013062,180,4,/content/drive/MyDrive/AI-SafetyEye-YOLOv8/violations/20251108/4/NoVest/20251108120303_NoVest_frame180.jpg
2025-11-08 12:03:11,NoVest,0.6209056377410889,184,4,/content/drive/MyDrive/AI-SafetyEye-YOLOv8/violations/20251108/4/NoVest/20251108120311_NoVest_frame184.jpg
2025-11-08 12:03:13,NoVest,0.6216261386871338,185,4,/content/drive/MyDrive/AI-SafetyEye-YOLOv8/violations/20251108/4/NoVest/20251108120313_NoVest_frame185.jpg
2025-11-08 12:03:16,NoVest,0.5582096576690674,186,4,/content/drive/MyDrive/AI-SafetyEye-YOLOv8/violations/20251108/4/NoVest/20251108120316_NoVest_frame186.jpg
2025-11-08 12:03:18,NoVest,0.5556102991104126,187,4,/content/drive/MyDrive/AI-SafetyEye-YOLOv8/violations/20251108/4/NoVest/20251108120318_NoVest_frame187.jpg
2025-11-08 12:03:21,NoVest,0.6234391331672668,188,4,/content/drive/MyDrive/AI-SafetyEye-YOLOv8/violations/20251108/4/NoVest/20251108120321_NoVest_frame188.jpg
2025-11-08 12:03:24,NoVest,0.6893413662910461,189,4,/content/drive/MyDrive/AI-SafetyEye-YOLOv8/violations/20251108/4/NoVest/20251108120324_NoVest_frame189.jpg
2025-11-08 12:03:27,NoVest,0.7315770983695984,190,4,/content/drive/MyDrive/AI-SafetyEye-YOLOv8/violations/20251108/4/NoVest/20251108120327_NoVest_frame190.jpg
2025-11-08 12:03:29,NoVest,0.6192565560340881,191,4,/content/drive/MyDrive/AI-SafetyEye-YOLOv8/violations/20251108/4/NoVest/20251108120329_NoVest_frame191.jpg
2025-11-08 12:03:32,NoVest,0.6190418004989624,192,4,/content/drive/MyDrive/AI-SafetyEye-YOLOv8/violations/20251108/4/NoVest/20251108120332_NoVest_frame192.jpg
2025-11-08 12:03:35,NoVest,0.5607361197471619,193,4,/content/drive/MyDrive/AI-SafetyEye-YOLOv8/violations/20251108/4/NoVest/20251108120335_NoVest_frame193.jpg
2025-11-08 12:03:38,NoVest,0.5609425902366638,194,4,/content/drive/MyDrive/AI-SafetyEye-YOLOv8/violations/20251108/4/NoVest/20251108120338_NoVest_frame194.jpg
2025-11-08 12:03:41,NoVest,0.6308293342590332,195,4,/content/drive/MyDrive/AI-SafetyEye-YOLOv8/violations/20251108/4/NoVest/20251108120341_NoVest_frame195.jpg
2025-11-08 12:03:43,NoVest,0.6337084770202637,196,4,/content/drive/MyDrive/AI-SafetyEye-YOLOv8/violations/20251108/4/NoVest/20251108120343_NoVest_frame196.jpg
2025-11-08 12:04:05,NoVest,0.6080141067504883,216,4,/content/drive/MyDrive/AI-SafetyEye-YOLOv8/violations/20251108/4/NoVest/20251108120405_NoVest_frame216.jpg
2025-11-08 12:04:07,NoVest,0.7019507884979248,217,4,/content/drive/MyDrive/AI-SafetyEye-YOLOv8/violations/20251108/4/NoVest/20251108120406_NoVest_frame217.jpg
2025-11-08 12:04:08,NoVest,0.5894071459770203,217,4,/content/drive/MyDrive/AI-SafetyEye-YOLOv8/violations/20251108/4/NoVest/20251108120408_NoVest_frame217.jpg
2025-11-08 12:04:09,NoVest,0.7021233439445496,218,4,/content/drive/MyDrive/AI-SafetyEye-YOLOv8/violations/20251108/4/NoVest/20251108120409_NoVest_frame218.jpg
2025-11-08 12:04:10,NoVest,0.589335560798645,218,4,/content/drive/MyDrive/AI-SafetyEye-YOLOv8/violations/20251108/4/NoVest/20251108120410_NoVest_frame218.jpg
2025-11-08 12:04:11,NoVest,0.6223584413528442,219,4,/content/drive/MyDrive/AI-SafetyEye-YOLOv8/violations/20251108/4/NoVest/20251108120411_NoVest_frame219.jpg
2025-11-08 12:04:13,NoVest,0.5612227916717529,220,4,/content/drive/MyDrive/AI-SafetyEye-YOLOv8/violations/20251108/4/NoVest/20251108120413_NoVest_frame220.jpg
2025-11-08 12:04:14,NoVest,0.5612225532531738,221,4,/content/drive/MyDrive/AI-SafetyEye-YOLOv8/violations/20251108/4/NoVest/20251108120414_NoVest_frame221.jpg
2025-11-08 12:04:16,NoVest,0.513815701007843,222,4,/content/drive/MyDrive/AI-SafetyEye-YOLOv8/violations/20251108/4/NoVest/20251108120416_NoVest_frame222.jpg
2025-11-08 12:04:18,NoVest,0.587543785572052,223,4,/content/drive/MyDrive/AI-SafetyEye-YOLOv8/violations/20251108/4/NoVest/20251108120418_NoVest_frame223.jpg
2025-11-08 12:04:19,NoVest,0.5894134044647217,224,4,/content/drive/MyDrive/AI-SafetyEye-YOLOv8/violations/20251108/4/NoVest/20251108120419_NoVest_frame224.jpg
2025-11-08 12:04:20,NoVest,0.5926099419593811,225,4,/content/drive/MyDrive/AI-SafetyEye-YOLOv8/violations/20251108/4/NoVest/20251108120420_NoVest_frame225.jpg
2025-11-08 12:04:22,NoVest,0.6046583652496338,226,4,/content/drive/MyDrive/AI-SafetyEye-YOLOv8/violations/20251108/4/NoVest/20251108120421_NoVest_frame226.jpg
2025-11-08 12:04:23,NoVest,0.5935080051422119,226,4,/content/drive/MyDrive/AI-SafetyEye-YOLOv8/violations/20251108/4/NoVest/20251108120423_NoVest_frame226.jpg
2025-11-08 12:04:24,NoVest,0.6042954325675964,227,4,/content/drive/MyDrive/AI-SafetyEye-YOLOv8/violations/20251108/4/NoVest/20251108120424_NoVest_frame227.jpg
2025-11-08 12:04:25,NoVest,0.5934855341911316,227,4,/content/drive/MyDrive/AI-SafetyEye-YOLOv8/violations/20251108/4/NoVest/20251108120425_NoVest_frame227.jpg
2025-11-08 12:04:26,NoVest,0.6101050972938538,228,4,/content/drive/MyDrive/AI-SafetyEye-YOLOv8/violations/20251108/4/NoVest/20251108120426_NoVest_frame228.jpg
2025-11-08 12:04:28,NoVest,0.5703913569450378,229,4,/content/drive/MyDrive/AI-SafetyEye-YOLOv8/violations/20251108/4/NoVest/20251108120428_NoVest_frame229.jpg
2025-11-08 12:04:30,NoVest,0.5430604219436646,229,4,/content/drive/MyDrive/AI-SafetyEye-YOLOv8/violations/20251108/4/NoVest/20251108120430_NoVest_frame229.jpg
2025-11-08 12:04:31,NoVest,0.5683968663215637,230,4,/content/drive/MyDrive/AI-SafetyEye-YOLOv8/violations/20251108/4/NoVest/20251108120431_NoVest_frame230.jpg
2025-11-08 12:04:33,NoVest,0.5386538505554199,230,4,/content/drive/MyDrive/AI-SafetyEye-YOLOv8/violations/20251108/4/NoVest/20251108120433_NoVest_frame230.jpg
2025-11-08 12:04:34,NoVest,0.5635482668876648,231,4,/content/drive/MyDrive/AI-SafetyEye-YOLOv8/violations/20251108/4/NoVest/20251108120434_NoVest_frame231.jpg
2025-11-08 12:04:35,NoVest,0.5367962121963501,231,4,/content/drive/MyDrive/AI-SafetyEye-YOLOv8/violations/20251108/4/NoVest/20251108120435_NoVest_frame231.jpg
2025-11-08 12:04:36,NoVest,0.547902524471283,232,4,/content/drive/MyDrive/AI-SafetyEye-YOLOv8/violations/20251108/4/NoVest/20251108120436_NoVest_frame232.jpg
2025-11-08 12:04:38,NoVest,0.5561144948005676,233,4,/content/drive/MyDrive/AI-SafetyEye-YOLOv8/violations/20251108/4/NoVest/20251108120438_NoVest_frame233.jpg
2025-11-08 12:04:39,NoVest,0.5561144948005676,234,4,/content/drive/MyDrive/AI-SafetyEye-YOLOv8/violations/20251108/4/NoVest/20251108120439_NoVest_frame234.jpg
2025-11-08 12:04:40,NoVest,0.6862102746963501,235,4,/content/drive/MyDrive/AI-SafetyEye-YOLOv8/violations/20251108/4/NoVest/20251108120440_NoVest_frame235.jpg
2025-11-08 12:04:42,NoVest,0.5219680666923523,235,4,/content/drive/MyDrive/AI-SafetyEye-YOLOv8/violations/20251108/4/NoVest/20251108120442_NoVest_frame235.jpg
2025-11-08 12:04:44,NoVest,0.6878878474235535,236,4,/content/drive/MyDrive/AI-SafetyEye-YOLOv8/violations/20251108/4/NoVest/20251108120444_NoVest_frame236.jpg
2025-11-08 12:04:45,NoVest,0.523228108882904,236,4,/content/drive/MyDrive/AI-SafetyEye-YOLOv8/violations/20251108/4/NoVest/20251108120445_NoVest_frame236.jpg
2025-11-08 12:04:46,NoVest,0.7086522579193115,237,4,/content/drive/MyDrive/AI-SafetyEye-YOLOv8/violations/20251108/4/NoVest/20251108120446_NoVest_frame237.jpg
2025-11-08 12:04:49,NoVest,0.5363854765892029,237,4,/content/drive/MyDrive/AI-SafetyEye-YOLOv8/violations/20251108/4/NoVest/20251108120449_NoVest_frame237.jpg
2025-11-08 12:04:50,NoVest,0.710416853427887,238,4,/content/drive/MyDrive/AI-SafetyEye-YOLOv8/violations/20251108/4/NoVest/20251108120450_NoVest_frame238.jpg
2025-11-08 12:04:53,NoVest,0.5346837043762207,238,4,/content/drive/MyDrive/AI-SafetyEye-YOLOv8/violations/20251108/4/NoVest/20251108120453_NoVest_frame238.jpg
2025-11-08 12:04:56,NoVest,0.6925481557846069,239,4,/content/drive/MyDrive/AI-SafetyEye-YOLOv8/violations/20251108/4/NoVest/20251108120456_NoVest_frame239.jpg
2025-11-08 12:04:58,NoVest,0.6886262893676758,239,4,/content/drive/MyDrive/AI-SafetyEye-YOLOv8/violations/20251108/4/NoVest/20251108120458_NoVest_frame239.jpg
2025-11-08 12:05:00,NoVest,0.6934352517127991,240,4,/content/drive/MyDrive/AI-SafetyEye-YOLOv8/violations/20251108/4/NoVest/20251108120500_NoVest_frame240.jpg
2025-11-08 12:05:01,NoVest,0.6814932823181152,240,4,/content/drive/MyDrive/AI-SafetyEye-YOLOv8/violations/20251108/4/NoVest/20251108120501_NoVest_frame240.jpg
2025-11-08 12:05:03,NoVest,0.7076444625854492,241,4,/content/drive/MyDrive/AI-SafetyEye-YOLOv8/violations/20251108/4/NoVest/20251108120503_NoVest_frame241.jpg
2025-11-08 12:05:04,NoVest,0.6833456158638,241,4,/content/drive/MyDrive/AI-SafetyEye-YOLOv8/violations/20251108/4/NoVest/20251108120504_NoVest_frame241.jpg
2025-11-08 12:05:06,NoVest,0.6170658469200134,241,4,/content/drive/MyDrive/AI-SafetyEye-YOLOv8/violations/20251108/4/NoVest/20251108120506_NoVest_frame241.jpg
2025-11-08 12:05:08,NoVest,0.7120296359062195,242,4,/content/drive/MyDrive/AI-SafetyEye-YOLOv8/violations/20251108/4/NoVest/20251108120508_NoVest_frame242.jpg
2025-11-08 12:05:10,NoVest,0.6830068826675415,242,4,/content/drive/MyDrive/AI-SafetyEye-YOLOv8/violations/20251108/4/NoVest/20251108120510_NoVest_frame242.jpg
2025-11-08 12:05:12,NoVest,0.6145286560058594,242,4,/content/drive/MyDrive/AI-SafetyEye-YOLOv8/violations/20251108/4/NoVest/20251108120512_NoVest_frame242.jpg
2025-11-08 12:05:14,NoVest,0.7106808423995972,243,4,/content/drive/MyDrive/AI-SafetyEye-YOLOv8/violations/20251108/4/NoVest/20251108120514_NoVest_frame243.jpg
2025-11-08 12:05:15,NoVest,0.6823331713676453,243,4,/content/drive/MyDrive/AI-SafetyEye-YOLOv8/violations/20251108/4/NoVest/20251108120515_NoVest_frame243.jpg
2025-11-08 12:05:18,NoVest,0.6201762557029724,243,4,/content/drive/MyDrive/AI-SafetyEye-YOLOv8/violations/20251108/4/NoVest/20251108120518_NoVest_frame243.jpg
2025-11-08 12:05:21,NoVest,0.6902211308479309,244,4,/content/drive/MyDrive/AI-SafetyEye-YOLOv8/violations/20251108/4/NoVest/20251108120521_NoVest_frame244.jpg
2025-11-08 12:05:23,NoVest,0.6101711988449097,244,4,/content/drive/MyDrive/AI-SafetyEye-YOLOv8/violations/20251108/4/NoVest/20251108120523_NoVest_frame244.jpg
2025-11-08 12:05:24,NoVest,0.5843316316604614,244,4,/content/drive/MyDrive/AI-SafetyEye-YOLOv8/violations/20251108/4/NoVest/20251108120524_NoVest_frame244.jpg
2025-11-08 12:05:28,NoVest,0.69054114818573,245,4,/content/drive/MyDrive/AI-SafetyEye-YOLOv8/violations/20251108/4/NoVest/20251108120528_NoVest_frame245.jpg
2025-11-08 12:05:29,NoVest,0.6076465249061584,245,4,/content/drive/MyDrive/AI-SafetyEye-YOLOv8/violations/20251108/4/NoVest/20251108120529_NoVest_frame245.jpg
2025-11-08 12:05:30,NoVest,0.5845338702201843,245,4,/content/drive/MyDrive/AI-SafetyEye-YOLOv8/violations/20251108/4/NoVest/20251108120530_NoVest_frame245.jpg
2025-11-08 12:05:34,NoVest,0.69054114818573,246,4,/content/drive/MyDrive/AI-SafetyEye-YOLOv8/violations/20251108/4/NoVest/20251108120534_NoVest_frame246.jpg
2025-11-08 12:05:36,NoVest,0.6076465249061584,246,4,/content/drive/MyDrive/AI-SafetyEye-YOLOv8/violations/20251108/4/NoVest/20251108120536_NoVest_frame246.jpg
2025-11-08 12:05:38,NoVest,0.5845338702201843,246,4,/content/drive/MyDrive/AI-SafetyEye-YOLOv8/violations/20251108/4/NoVest/20251108120538_NoVest_frame246.jpg
2025-11-08 12:05:40,NoVest,0.780058741569519,247,4,/content/drive/MyDrive/AI-SafetyEye-YOLOv8/violations/20251108/4/NoVest/20251108120540_NoVest_frame247.jpg
2025-11-08 12:05:41,NoVest,0.7664435505867004,247,4,/content/drive/MyDrive/AI-SafetyEye-YOLOv8/violations/20251108/4/NoVest/20251108120541_NoVest_frame247.jpg
2025-11-08 12:05:45,NoVest,0.6115183234214783,247,4,/content/drive/MyDrive/AI-SafetyEye-YOLOv8/violations/20251108/4/NoVest/20251108120545_NoVest_frame247.jpg
2025-11-08 12:05:47,NoVest,0.7800581455230713,248,4,/content/drive/MyDrive/AI-SafetyEye-YOLOv8/violations/20251108/4/NoVest/20251108120547_NoVest_frame248.jpg
2025-11-08 12:05:48,NoVest,0.7664860486984253,248,4,/content/drive/MyDrive/AI-SafetyEye-YOLOv8/violations/20251108/4/NoVest/20251108120548_NoVest_frame248.jpg
2025-11-08 12:05:53,NoVest,0.6119582653045654,248,4,/content/drive/MyDrive/AI-SafetyEye-YOLOv8/violations/20251108/4/NoVest/20251108120553_NoVest_frame248.jpg
2025-11-08 12:05:54,NoVest,0.7800562381744385,249,4,/content/drive/MyDrive/AI-SafetyEye-YOLOv8/violations/20251108/4/NoVest/20251108120554_NoVest_frame249.jpg
2025-11-08 12:05:55,NoVest,0.7665210366249084,249,4,/content/drive/MyDrive/AI-SafetyEye-YOLOv8/violations/20251108/4/NoVest/20251108120555_NoVest_frame249.jpg
2025-11-08 12:05:59,NoVest,0.6129371523857117,249,4,/content/drive/MyDrive/AI-SafetyEye-YOLOv8/violations/20251108/4/NoVest/20251108120559_NoVest_frame249.jpg
2025-11-08 12:06:01,NoVest,0.8184079527854919,250,4,/content/drive/MyDrive/AI-SafetyEye-YOLOv8/violations/20251108/4/NoVest/20251108120601_NoVest_frame250.jpg
2025-11-08 12:06:03,NoVest,0.8134225010871887,250,4,/content/drive/MyDrive/AI-SafetyEye-YOLOv8/violations/20251108/4/NoVest/20251108120603_NoVest_frame250.jpg
2025-11-08 12:06:04,NoVest,0.7466958165168762,250,4,/content/drive/MyDrive/AI-SafetyEye-YOLOv8/violations/20251108/4/NoVest/20251108120604_NoVest_frame250.jpg
2025-11-08 12:06:06,NoVest,0.5247904062271118,250,4,/content/drive/MyDrive/AI-SafetyEye-YOLOv8/violations/20251108/4/NoVest/20251108120606_NoVest_frame250.jpg
2025-11-08 12:06:09,NoVest,0.8186320066452026,251,4,/content/drive/MyDrive/AI-SafetyEye-YOLOv8/violations/20251108/4/NoVest/20251108120609_NoVest_frame251.jpg
2025-11-08 12:06:10,NoVest,0.8133620619773865,251,4,/content/drive/MyDrive/AI-SafetyEye-YOLOv8/violations/20251108/4/NoVest/20251108120610_NoVest_frame251.jpg
2025-11-08 12:06:11,NoVest,0.7456724643707275,251,4,/content/drive/MyDrive/AI-SafetyEye-YOLOv8/violations/20251108/4/NoVest/20251108120611_NoVest_frame251.jpg
2025-11-08 12:06:15,NoVest,0.5268298983573914,251,4,/content/drive/MyDrive/AI-SafetyEye-YOLOv8/violations/20251108/4/NoVest/20251108120615_NoVest_frame251.jpg
2025-11-08 12:06:18,NoVest,0.818318247795105,252,4,/content/drive/MyDrive/AI-SafetyEye-YOLOv8/violations/20251108/4/NoVest/20251108120618_NoVest_frame252.jpg
2025-11-08 12:06:19,NoVest,0.812739908695221,252,4,/content/drive/MyDrive/AI-SafetyEye-YOLOv8/violations/20251108/4/NoVest/20251108120619_NoVest_frame252.jpg
2025-11-08 12:06:20,NoVest,0.7467033863067627,252,4,/content/drive/MyDrive/AI-SafetyEye-YOLOv8/violations/20251108/4/NoVest/20251108120620_NoVest_frame252.jpg
2025-11-08 12:06:23,NoVest,0.525287926197052,252,4,/content/drive/MyDrive/AI-SafetyEye-YOLOv8/violations/20251108/4/NoVest/20251108120623_NoVest_frame252.jpg
2025-11-08 12:06:25,NoVest,0.8698897957801819,253,4,/content/drive/MyDrive/AI-SafetyEye-YOLOv8/violations/20251108/4/NoVest/20251108120625_NoVest_frame253.jpg
2025-11-08 12:06:27,NoVest,0.7561159729957581,253,4,/content/drive/MyDrive/AI-SafetyEye-YOLOv8/violations/20251108/4/NoVest/20251108120627_NoVest_frame253.jpg
2025-11-08 12:06:29,NoVest,0.6680001020431519,253,4,/content/drive/MyDrive/AI-SafetyEye-YOLOv8/violations/20251108/4/NoVest/20251108120629_NoVest_frame253.jpg
2025-11-08 12:06:31,NoVest,0.5681369304656982,253,4,/content/drive/MyDrive/AI-SafetyEye-YOLOv8/violations/20251108/4/NoVest/20251108120631_NoVest_frame253.jpg
2025-11-08 12:06:34,NoVest,0.8687700033187866,254,4,/content/drive/MyDrive/AI-SafetyEye-YOLOv8/violations/20251108/4/NoVest/20251108120634_NoVest_frame254.jpg
2025-11-08 12:06:35,NoVest,0.7553904056549072,254,4,/content/drive/MyDrive/AI-SafetyEye-YOLOv8/violations/20251108/4/NoVest/20251108120635_NoVest_frame254.jpg
2025-11-08 12:06:36,NoVest,0.6710189580917358,254,4,/content/drive/MyDrive/AI-SafetyEye-YOLOv8/violations/20251108/4/NoVest/20251108120636_NoVest_frame254.jpg
2025-11-08 12:06:39,NoVest,0.5684492588043213,254,4,/content/drive/MyDrive/AI-SafetyEye-YOLOv8/violations/20251108/4/NoVest/20251108120639_NoVest_frame254.jpg
2025-11-08 12:06:42,NoVest,0.7464703321456909,255,4,/content/drive/MyDrive/AI-SafetyEye-YOLOv8/violations/20251108/4/NoVest/20251108120642_NoVest_frame255.jpg
2025-11-08 12:06:44,NoVest,0.7390894889831543,255,4,/content/drive/MyDrive/AI-SafetyEye-YOLOv8/violations/20251108/4/NoVest/20251108120644_NoVest_frame255.jpg
2025-11-08 12:06:46,NoVest,0.6647641062736511,255,4,/content/drive/MyDrive/AI-SafetyEye-YOLOv8/violations/20251108/4/NoVest/20251108120646_NoVest_frame255.jpg
2025-11-08 12:06:48,NoVest,0.8382853269577026,256,4,/content/drive/MyDrive/AI-SafetyEye-YOLOv8/violations/20251108/4/NoVest/20251108120648_NoVest_frame256.jpg
2025-11-08 12:06:49,NoVest,0.739004909992218,256,4,/content/drive/MyDrive/AI-SafetyEye-YOLOv8/violations/20251108/4/NoVest/20251108120649_NoVest_frame256.jpg
2025-11-08 12:06:51,NoVest,0.7086307406425476,256,4,/content/drive/MyDrive/AI-SafetyEye-YOLOv8/violations/20251108/4/NoVest/20251108120651_NoVest_frame256.jpg
2025-11-08 12:06:54,NoVest,0.838491678237915,257,4,/content/drive/MyDrive/AI-SafetyEye-YOLOv8/violations/20251108/4/NoVest/20251108120654_NoVest_frame257.jpg
2025-11-08 12:06:56,NoVest,0.7388973236083984,257,4,/content/drive/MyDrive/AI-SafetyEye-YOLOv8/violations/20251108/4/NoVest/20251108120656_NoVest_frame257.jpg
2025-11-08 12:06:59,NoVest,0.7077786326408386,257,4,/content/drive/MyDrive/AI-SafetyEye-YOLOv8/violations/20251108/4/NoVest/20251108120659_NoVest_frame257.jpg
2025-11-08 11:59:18,NoMask,0.5979458689689636,100,3,/content/drive/MyDrive/AI-SafetyEye-YOLOv8/violations/20251108/3/NoMask/20251108115918_NoMask_frame100.jpg
2025-11-08 11:59:20,NoMask,0.6036927700042725,101,3,/content/drive/MyDrive/AI-SafetyEye-YOLOv8/violations/20251108/3/NoMask/20251108115920_NoMask_frame101.jpg
2025-11-08 11:59:22,NoMask,0.5858579874038696,102,3,/content/drive/MyDrive/AI-SafetyEye-YOLOv8/violations/20251108/3/NoMask/20251108115922_NoMask_frame102.jpg
2025-11-08 11:59:25,NoMask,0.5755835771560669,103,3,/content/drive/MyDrive/AI-SafetyEye-YOLOv8/violations/20251108/3/NoMask/20251108115925_NoMask_frame103.jpg
2025-11-08 11:59:28,NoMask,0.5767412185668945,104,3,/content/drive/MyDrive/AI-SafetyEye-YOLOv8/violations/20251108/3/NoMask/20251108115928_NoMask_frame104.jpg
2025-11-08 11:59:30,NoMask,0.5800101161003113,105,3,/content/drive/MyDrive/AI-SafetyEye-YOLOv8/violations/20251108/3/NoMask/20251108115930_NoMask_frame105.jpg
2025-11-08 11:59:32,NoMask,0.6136851906776428,106,3,/content/drive/MyDrive/AI-SafetyEye-YOLOv8/violations/20251108/3/NoMask/20251108115932_NoMask_frame106.jpg
2025-11-08 11:59:34,NoMask,0.6181280016899109,107,3,/content/drive/MyDrive/AI-SafetyEye-YOLOv8/violations/20251108/3/NoMask/20251108115934_NoMask_frame107.jpg
2025-11-08 11:59:38,NoMask,0.6027911305427551,109,3,/content/drive/MyDrive/AI-SafetyEye-YOLOv8/violations/20251108/3/NoMask/20251108115938_NoMask_frame109.jpg
2025-11-08 11:59:41,NoMask,0.6009199619293213,110,3,/content/drive/MyDrive/AI-SafetyEye-YOLOv8/violations/20251108/3/NoMask/20251108115941_NoMask_frame110.jpg
2025-11-08 11:59:43,NoMask,0.5988876223564148,111,3,/content/drive/MyDrive/AI-SafetyEye-YOLOv8/violations/20251108/3/NoMask/20251108115943_NoMask_frame111.jpg
2025-11-08 11:59:45,NoMask,0.6106913685798645,112,3,/content/drive/MyDrive/AI-SafetyEye-YOLOv8/violations/20251108/3/NoMask/20251108115945_NoMask_frame112.jpg
2025-11-08 11:59:48,NoMask,0.6120750904083252,113,3,/content/drive/MyDrive/AI-SafetyEye-YOLOv8/violations/20251108/3/NoMask/20251108115948_NoMask_frame113.jpg
2025-11-08 11:59:50,NoMask,0.6106915473937988,114,3,/content/drive/MyDrive/AI-SafetyEye-YOLOv8/violations/20251108/3/NoMask/20251108115950_NoMask_frame114.jpg
2025-11-08 11:59:53,NoMask,0.5080073475837708,115,3,/content/drive/MyDrive/AI-SafetyEye-YOLOv8/violations/20251108/3/NoMask/20251108115953_NoMask_frame115.jpg
2025-11-08 11:59:56,NoMask,0.5061084628105164,116,3,/content/drive/MyDrive/AI-SafetyEye-YOLOv8/violations/20251108/3/NoMask/20251108115956_NoMask_frame116.jpg
2025-11-08 11:59:58,NoMask,0.5067291855812073,117,3,/content/drive/MyDrive/AI-SafetyEye-YOLOv8/violations/20251108/3/NoMask/20251108115958_NoMask_frame117.jpg
2025-11-08 12:00:01,NoMask,0.6021977663040161,118,3,/content/drive/MyDrive/AI-SafetyEye-YOLOv8/violations/20251108/3/NoMask/20251108120001_NoMask_frame118.jpg
2025-11-08 12:00:03,NoMask,0.6020894646644592,119,3,/content/drive/MyDrive/AI-SafetyEye-YOLOv8/violations/20251108/3/NoMask/20251108120003_NoMask_frame119.jpg
2025-11-08 12:00:07,NoMask,0.6003054976463318,120,3,/content/drive/MyDrive/AI-SafetyEye-YOLOv8/violations/20251108/3/NoMask/20251108120007_NoMask_frame120.jpg
2025-11-08 12:00:09,NoMask,0.6165129542350769,121,3,/content/drive/MyDrive/AI-SafetyEye-YOLOv8/violations/20251108/3/NoMask/20251108120009_NoMask_frame121.jpg
2025-11-08 12:00:11,NoMask,0.676396369934082,122,3,/content/drive/MyDrive/AI-SafetyEye-YOLOv8/violations/20251108/3/NoMask/20251108120011_NoMask_frame122.jpg
2025-11-08 12:00:14,NoMask,0.6145855784416199,123,3,/content/drive/MyDrive/AI-SafetyEye-YOLOv8/violations/20251108/3/NoMask/20251108120014_NoMask_frame123.jpg
2025-11-08 12:00:17,NoMask,0.6158866286277771,124,3,/content/drive/MyDrive/AI-SafetyEye-YOLOv8/violations/20251108/3/NoMask/20251108120017_NoMask_frame124.jpg
2025-11-08 12:00:20,NoMask,0.6189777255058289,125,3,/content/drive/MyDrive/AI-SafetyEye-YOLOv8/violations/20251108/3/NoMask/20251108120020_NoMask_frame125.jpg
2025-11-08 12:00:22,NoMask,0.5558465719223022,126,3,/content/drive/MyDrive/AI-SafetyEye-YOLOv8/violations/20251108/3/NoMask/20251108120022_NoMask_frame126.jpg
2025-11-08 12:00:26,NoMask,0.5679705142974854,127,3,/content/drive/MyDrive/AI-SafetyEye-YOLOv8/violations/20251108/3/NoMask/20251108120026_NoMask_frame127.jpg
2025-11-08 12:00:28,NoMask,0.5698961615562439,128,3,/content/drive/MyDrive/AI-SafetyEye-YOLOv8/violations/20251108/3/NoMask/20251108120028_NoMask_frame128.jpg
2025-11-08 12:00:32,NoMask,0.5707143545150757,129,3,/content/drive/MyDrive/AI-SafetyEye-YOLOv8/violations/20251108/3/NoMask/20251108120032_NoMask_frame129.jpg
2025-11-08 12:00:37,NoMask,0.6215978860855103,132,3,/content/drive/MyDrive/AI-SafetyEye-YOLOv8/violations/20251108/3/NoMask/20251108120037_NoMask_frame132.jpg
2025-11-08 12:00:40,NoMask,0.656863808631897,133,3,/content/drive/MyDrive/AI-SafetyEye-YOLOv8/violations/20251108/3/NoMask/20251108120039_NoMask_frame133.jpg
2025-11-08 12:00:42,NoMask,0.6565092206001282,134,3,/content/drive/MyDrive/AI-SafetyEye-YOLOv8/violations/20251108/3/NoMask/20251108120042_NoMask_frame134.jpg
2025-11-08 12:00:45,NoMask,0.6563722491264343,135,3,/content/drive/MyDrive/AI-SafetyEye-YOLOv8/violations/20251108/3/NoMask/20251108120045_NoMask_frame135.jpg
2025-11-08 12:00:48,NoMask,0.6771409511566162,136,3,/content/drive/MyDrive/AI-SafetyEye-YOLOv8/violations/20251108/3/NoMask/20251108120048_NoMask_frame136.jpg
2025-11-08 12:00:50,NoMask,0.6768664717674255,137,3,/content/drive/MyDrive/AI-SafetyEye-YOLOv8/violations/20251108/3/NoMask/20251108120050_NoMask_frame137.jpg
2025-11-08 12:00:53,NoMask,0.6046303510665894,138,3,/content/drive/MyDrive/AI-SafetyEye-YOLOv8/violations/20251108/3/NoMask/20251108120053_NoMask_frame138.jpg
2025-11-08 12:00:55,NoMask,0.6647939085960388,139,3,/content/drive/MyDrive/AI-SafetyEye-YOLOv8/violations/20251108/3/NoMask/20251108120055_NoMask_frame139.jpg
2025-11-08 12:00:59,NoMask,0.664854884147644,140,3,/content/drive/MyDrive/AI-SafetyEye-YOLOv8/violations/20251108/3/NoMask/20251108120059_NoMask_frame140.jpg
2025-11-08 12:01:01,NoMask,0.6649116277694702,141,3,/content/drive/MyDrive/AI-SafetyEye-YOLOv8/violations/20251108/3/NoMask/20251108120101_NoMask_frame141.jpg
2025-11-08 12:01:04,NoMask,0.5827674865722656,142,3,/content/drive/MyDrive/AI-SafetyEye-YOLOv8/violations/20251108/3/NoMask/20251108120104_NoMask_frame142.jpg
2025-11-08 12:01:06,NoMask,0.5827674865722656,143,3,/content/drive/MyDrive/AI-SafetyEye-YOLOv8/violations/20251108/3/NoMask/20251108120106_NoMask_frame143.jpg
2025-11-08 12:01:09,NoMask,0.6035444140434265,144,3,/content/drive/MyDrive/AI-SafetyEye-YOLOv8/violations/20251108/3/NoMask/20251108120109_NoMask_frame144.jpg
2025-11-08 12:01:12,NoMask,0.6490595936775208,145,3,/content/drive/MyDrive/AI-SafetyEye-YOLOv8/violations/20251108/3/NoMask/20251108120112_NoMask_frame145.jpg
2025-11-08 12:01:15,NoMask,0.6448368430137634,146,3,/content/drive/MyDrive/AI-SafetyEye-YOLOv8/violations/20251108/3/NoMask/20251108120115_NoMask_frame146.jpg
2025-11-08 12:01:17,NoMask,0.6464052796363831,147,3,/content/drive/MyDrive/AI-SafetyEye-YOLOv8/violations/20251108/3/NoMask/20251108120117_NoMask_frame147.jpg
2025-11-08 12:01:20,NoMask,0.643869161605835,148,3,/content/drive/MyDrive/AI-SafetyEye-YOLOv8/violations/20251108/3/NoMask/20251108120120_NoMask_frame148.jpg
2025-11-08 12:01:22,NoMask,0.6054551005363464,149,3,/content/drive/MyDrive/AI-SafetyEye-YOLOv8/violations/20251108/3/NoMask/20251108120122_NoMask_frame149.jpg
2025-11-08 12:01:27,NoMask,0.5968329906463623,150,3,/content/drive/MyDrive/AI-SafetyEye-YOLOv8/violations/20251108/3/NoMask/20251108120127_NoMask_frame150.jpg
2025-11-08 12:01:32,NoMask,0.5747269988059998,151,3,/content/drive/MyDrive/AI-SafetyEye-YOLOv8/violations/20251108/3/NoMask/20251108120132_NoMask_frame151.jpg
2025-11-08 12:01:36,NoMask,0.5747171640396118,152,3,/content/drive/MyDrive/AI-SafetyEye-YOLOv8/violations/20251108/3/NoMask/20251108120136_NoMask_frame152.jpg
2025-11-08 12:01:38,NoMask,0.6435846090316772,153,3,/content/drive/MyDrive/AI-SafetyEye-YOLOv8/violations/20251108/3/NoMask/20251108120138_NoMask_frame153.jpg
2025-11-08 12:01:40,NoMask,0.6538326740264893,154,3,/content/drive/MyDrive/AI-SafetyEye-YOLOv8/violations/20251108/3/NoMask/20251108120140_NoMask_frame154.jpg
2025-11-08 12:01:42,NoMask,0.6538348197937012,155,3,/content/drive/MyDrive/AI-SafetyEye-YOLOv8/violations/20251108/3/NoMask/20251108120142_NoMask_frame155.jpg
2025-11-08 12:01:43,NoMask,0.6676698923110962,156,3,/content/drive/MyDrive/AI-SafetyEye-YOLOv8/violations/20251108/3/NoMask/20251108120143_NoMask_frame156.jpg
2025-11-08 12:01:44,NoMask,0.6488944888114929,157,3,/content/drive/MyDrive/AI-SafetyEye-YOLOv8/violations/20251108/3/NoMask/20251108120144_NoMask_frame157.jpg
2025-11-08 12:01:45,NoMask,0.6486902236938477,158,3,/content/drive/MyDrive/AI-SafetyEye-YOLOv8/violations/20251108/3/NoMask/20251108120145_NoMask_frame158.jpg
2025-11-08 12:01:47,NoMask,0.6794635653495789,159,3,/content/drive/MyDrive/AI-SafetyEye-YOLOv8/violations/20251108/3/NoMask/20251108120147_NoMask_frame159.jpg
2025-11-08 12:01:52,NoMask,0.6620438694953918,160,3,/content/drive/MyDrive/AI-SafetyEye-YOLOv8/violations/20251108/3/NoMask/20251108120151_NoMask_frame160.jpg
2025-11-08 12:01:54,NoMask,0.6622732281684875,161,3,/content/drive/MyDrive/AI-SafetyEye-YOLOv8/violations/20251108/3/NoMask/20251108120154_NoMask_frame161.jpg
2025-11-08 12:01:58,NoMask,0.680878221988678,162,3,/content/drive/MyDrive/AI-SafetyEye-YOLOv8/violations/20251108/3/NoMask/20251108120158_NoMask_frame162.jpg
2025-11-08 12:02:01,NoMask,0.6534680128097534,163,3,/content/drive/MyDrive/AI-SafetyEye-YOLOv8/violations/20251108/3/NoMask/20251108120201_NoMask_frame163.jpg
2025-11-08 12:02:06,NoMask,0.6766439080238342,164,3,/content/drive/MyDrive/AI-SafetyEye-YOLOv8/violations/20251108/3/NoMask/20251108120206_NoMask_frame164.jpg
2025-11-08 12:02:12,NoMask,0.6299124956130981,165,3,/content/drive/MyDrive/AI-SafetyEye-YOLOv8/violations/20251108/3/NoMask/20251108120212_NoMask_frame165.jpg
2025-11-08 12:02:19,NoMask,0.6933103203773499,166,3,/content/drive/MyDrive/AI-SafetyEye-YOLOv8/violations/20251108/3/NoMask/20251108120219_NoMask_frame166.jpg
2025-11-08 12:02:22,NoMask,0.6933843493461609,167,3,/content/drive/MyDrive/AI-SafetyEye-YOLOv8/violations/20251108/3/NoMask/20251108120222_NoMask_frame167.jpg
2025-11-08 12:02:26,NoMask,0.6385841965675354,168,3,/content/drive/MyDrive/AI-SafetyEye-YOLOv8/violations/20251108/3/NoMask/20251108120226_NoMask_frame168.jpg
2025-11-08 12:02:31,NoMask,0.6705876588821411,169,3,/content/drive/MyDrive/AI-SafetyEye-YOLOv8/violations/20251108/3/NoMask/20251108120231_NoMask_frame169.jpg
2025-11-08 12:02:36,NoMask,0.6182658076286316,170,3,/content/drive/MyDrive/AI-SafetyEye-YOLOv8/violations/20251108/3/NoMask/20251108120236_NoMask_frame170.jpg
2025-11-08 12:02:40,NoMask,0.6590684056282043,171,3,/content/drive/MyDrive/AI-SafetyEye-YOLOv8/violations/20251108/3/NoMask/20251108120240_NoMask_frame171.jpg
2025-11-08 12:02:41,NoMask,0.7181726098060608,172,3,/content/drive/MyDrive/AI-SafetyEye-YOLOv8/violations/20251108/3/NoMask/20251108120241_NoMask_frame172.jpg
2025-11-08 12:02:45,NoMask,0.7181950807571411,173,3,/content/drive/MyDrive/AI-SafetyEye-YOLOv8/violations/20251108/3/NoMask/20251108120245_NoMask_frame173.jpg
2025-11-08 12:02:47,NoMask,0.7621119618415833,174,3,/content/drive/MyDrive/AI-SafetyEye-YOLOv8/violations/20251108/3/NoMask/20251108120247_NoMask_frame174.jpg
2025-11-08 12:02:50,NoMask,0.7623322010040283,175,3,/content/drive/MyDrive/AI-SafetyEye-YOLOv8/violations/20251108/3/NoMask/20251108120250_NoMask_frame175.jpg
2025-11-08 12:02:52,NoMask,0.7437050342559814,176,3,/content/drive/MyDrive/AI-SafetyEye-YOLOv8/violations/20251108/3/NoMask/20251108120252_NoMask_frame176.jpg
2025-11-08 12:02:55,NoMask,0.7131096124649048,177,3,/content/drive/MyDrive/AI-SafetyEye-YOLOv8/violations/20251108/3/NoMask/20251108120255_NoMask_frame177.jpg
2025-11-08 12:02:57,NoMask,0.6880596280097961,178,3,/content/drive/MyDrive/AI-SafetyEye-YOLOv8/violations/20251108/3/NoMask/20251108120257_NoMask_frame178.jpg
2025-11-08 12:03:00,NoMask,0.7011874318122864,179,3,/content/drive/MyDrive/AI-SafetyEye-YOLOv8/violations/20251108/3/NoMask/20251108120300_NoMask_frame179.jpg
2025-11-08 12:03:02,NoMask,0.701205849647522,180,3,/content/drive/MyDrive/AI-SafetyEye-YOLOv8/violations/20251108/3/NoMask/20251108120302_NoMask_frame180.jpg
2025-11-08 12:03:05,NoMask,0.7040258049964905,181,3,/content/drive/MyDrive/AI-SafetyEye-YOLOv8/violations/20251108/3/NoMask/20251108120305_NoMask_frame181.jpg
2025-11-08 12:03:06,NoMask,0.7055568695068359,182,3,/content/drive/MyDrive/AI-SafetyEye-YOLOv8/violations/20251108/3/NoMask/20251108120306_NoMask_frame182.jpg
2025-11-08 12:03:07,NoMask,0.7146152257919312,183,3,/content/drive/MyDrive/AI-SafetyEye-YOLOv8/violations/20251108/3/NoMask/20251108120307_NoMask_frame183.jpg
2025-11-08 12:03:09,NoMask,0.6468276381492615,184,3,/content/drive/MyDrive/AI-SafetyEye-YOLOv8/violations/20251108/3/NoMask/20251108120309_NoMask_frame184.jpg
2025-11-08 12:03:12,NoMask,0.6468067169189453,185,3,/content/drive/MyDrive/AI-SafetyEye-YOLOv8/violations/20251108/3/NoMask/20251108120312_NoMask_frame185.jpg
2025-11-08 12:03:14,NoMask,0.6841051578521729,186,3,/content/drive/MyDrive/AI-SafetyEye-YOLOv8/violations/20251108/3/NoMask/20251108120314_NoMask_frame186.jpg
2025-11-08 12:03:17,NoMask,0.6839447617530823,187,3,/content/drive/MyDrive/AI-SafetyEye-YOLOv8/violations/20251108/3/NoMask/20251108120317_NoMask_frame187.jpg
2025-11-08 12:03:20,NoMask,0.6861215829849243,188,3,/content/drive/MyDrive/AI-SafetyEye-YOLOv8/violations/20251108/3/NoMask/20251108120320_NoMask_frame188.jpg
2025-11-08 12:03:23,NoMask,0.7126137614250183,189,3,/content/drive/MyDrive/AI-SafetyEye-YOLOv8/violations/20251108/3/NoMask/20251108120323_NoMask_frame189.jpg
2025-11-08 12:03:26,NoMask,0.7709903717041016,190,3,/content/drive/MyDrive/AI-SafetyEye-YOLOv8/violations/20251108/3/NoMask/20251108120326_NoMask_frame190.jpg
2025-11-08 12:03:28,NoMask,0.7724589109420776,191,3,/content/drive/MyDrive/AI-SafetyEye-YOLOv8/violations/20251108/3/NoMask/20251108120328_NoMask_frame191.jpg
2025-11-08 12:03:31,NoMask,0.7723937034606934,192,3,/content/drive/MyDrive/AI-SafetyEye-YOLOv8/violations/20251108/3/NoMask/20251108120331_NoMask_frame192.jpg
2025-11-08 12:03:33,NoMask,0.7635109424591064,193,3,/content/drive/MyDrive/AI-SafetyEye-YOLOv8/violations/20251108/3/NoMask/20251108120333_NoMask_frame193.jpg
2025-11-08 12:03:36,NoMask,0.7644028663635254,194,3,/content/drive/MyDrive/AI-SafetyEye-YOLOv8/violations/20251108/3/NoMask/20251108120336_NoMask_frame194.jpg
2025-11-08 12:03:39,NoMask,0.7337392568588257,195,3,/content/drive/MyDrive/AI-SafetyEye-YOLOv8/violations/20251108/3/NoMask/20251108120339_NoMask_frame195.jpg
2025-11-08 12:03:42,NoMask,0.7341038584709167,196,3,/content/drive/MyDrive/AI-SafetyEye-YOLOv8/violations/20251108/3/NoMask/20251108120342_NoMask_frame196.jpg
2025-11-08 12:03:44,NoMask,0.7303581833839417,197,3,/content/drive/MyDrive/AI-SafetyEye-YOLOv8/violations/20251108/3/NoMask/20251108120344_NoMask_frame197.jpg
2025-11-08 12:03:45,NoMask,0.7284533381462097,198,3,/content/drive/MyDrive/AI-SafetyEye-YOLOv8/violations/20251108/3/NoMask/20251108120345_NoMask_frame198.jpg
2025-11-08 12:03:47,NoMask,0.7297161817550659,199,3,/content/drive/MyDrive/AI-SafetyEye-YOLOv8/violations/20251108/3/NoMask/20251108120347_NoMask_frame199.jpg
2025-11-08 12:03:48,NoMask,0.7297161817550659,200,3,/content/drive/MyDrive/AI-SafetyEye-YOLOv8/violations/20251108/3/NoMask/20251108120348_NoMask_frame200.jpg
2025-11-08 12:03:50,NoMask,0.6344478130340576,201,3,/content/drive/MyDrive/AI-SafetyEye-YOLOv8/violations/20251108/3/NoMask/20251108120350_NoMask_frame201.jpg
2025-11-08 12:03:52,NoMask,0.6888070702552795,202,3,/content/drive/MyDrive/AI-SafetyEye-YOLOv8/violations/20251108/3/NoMask/20251108120352_NoMask_frame202.jpg
2025-11-08 12:03:53,NoMask,0.5642495155334473,203,3,/content/drive/MyDrive/AI-SafetyEye-YOLOv8/violations/20251108/3/NoMask/20251108120353_NoMask_frame203.jpg
2025-11-08 12:03:54,NoMask,0.5819277763366699,204,3,/content/drive/MyDrive/AI-SafetyEye-YOLOv8/violations/20251108/3/NoMask/20251108120354_NoMask_frame204.jpg
2025-11-08 12:03:55,NoMask,0.591732919216156,205,3,/content/drive/MyDrive/AI-SafetyEye-YOLOv8/violations/20251108/3/NoMask/20251108120355_NoMask_frame205.jpg
2025-11-08 12:03:57,NoMask,0.5917331576347351,206,3,/content/drive/MyDrive/AI-SafetyEye-YOLOv8/violations/20251108/3/NoMask/20251108120356_NoMask_frame206.jpg
2025-11-08 12:03:58,NoMask,0.5489039421081543,207,3,/content/drive/MyDrive/AI-SafetyEye-YOLOv8/violations/20251108/3/NoMask/20251108120358_NoMask_frame207.jpg
2025-11-08 12:03:59,NoMask,0.5489039421081543,208,3,/content/drive/MyDrive/AI-SafetyEye-YOLOv8/violations/20251108/3/NoMask/20251108120359_NoMask_frame208.jpg
2025-11-08 12:04:00,NoMask,0.5780090093612671,211,3,/content/drive/MyDrive/AI-SafetyEye-YOLOv8/violations/20251108/3/NoMask/20251108120400_NoMask_frame211.jpg
2025-11-08 12:04:02,NoMask,0.5779109001159668,212,3,/content/drive/MyDrive/AI-SafetyEye-YOLOv8/violations/20251108/3/NoMask/20251108120402_NoMask_frame212.jpg
2025-11-08 12:04:04,NoMask,0.5939655900001526,213,3,/content/drive/MyDrive/AI-SafetyEye-YOLOv8/violations/20251108/3/NoMask/20251108120404_NoMask_frame213.jpg
2025-11-08 12:04:48,NoMask,0.6802570223808289,237,3,/content/drive/MyDrive/AI-SafetyEye-YOLOv8/violations/20251108/3/NoMask/20251108120448_NoMask_frame237.jpg
2025-11-08 12:04:51,NoMask,0.6789450645446777,238,3,/content/drive/MyDrive/AI-SafetyEye-YOLOv8/violations/20251108/3/NoMask/20251108120451_NoMask_frame238.jpg
2025-11-08 12:04:54,NoMask,0.7236282825469971,239,3,/content/drive/MyDrive/AI-SafetyEye-YOLOv8/violations/20251108/3/NoMask/20251108120454_NoMask_frame239.jpg
2025-11-08 12:04:59,NoMask,0.7233355641365051,240,3,/content/drive/MyDrive/AI-SafetyEye-YOLOv8/violations/20251108/3/NoMask/20251108120459_NoMask_frame240.jpg
2025-11-08 12:05:05,NoMask,0.6524698138237,241,3,/content/drive/MyDrive/AI-SafetyEye-YOLOv8/violations/20251108/3/NoMask/20251108120505_NoMask_frame241.jpg
2025-11-08 12:05:11,NoMask,0.6475727558135986,242,3,/content/drive/MyDrive/AI-SafetyEye-YOLOv8/violations/20251108/3/NoMask/20251108120511_NoMask_frame242.jpg
2025-11-08 12:05:17,NoMask,0.6480847597122192,243,3,/content/drive/MyDrive/AI-SafetyEye-YOLOv8/violations/20251108/3/NoMask/20251108120516_NoMask_frame243.jpg
2025-11-08 12:05:19,NoMask,0.7132217884063721,244,3,/content/drive/MyDrive/AI-SafetyEye-YOLOv8/violations/20251108/3/NoMask/20251108120519_NoMask_frame244.jpg
2025-11-08 12:05:25,NoMask,0.5110315084457397,244,3,/content/drive/MyDrive/AI-SafetyEye-YOLOv8/violations/20251108/3/NoMask/20251108120525_NoMask_frame244.jpg
2025-11-08 12:05:26,NoMask,0.7131491899490356,245,3,/content/drive/MyDrive/AI-SafetyEye-YOLOv8/violations/20251108/3/NoMask/20251108120526_NoMask_frame245.jpg
2025-11-08 12:05:31,NoMask,0.5109277963638306,245,3,/content/drive/MyDrive/AI-SafetyEye-YOLOv8/violations/20251108/3/NoMask/20251108120531_NoMask_frame245.jpg
2025-11-08 12:05:33,NoMask,0.7131491899490356,246,3,/content/drive/MyDrive/AI-SafetyEye-YOLOv8/violations/20251108/3/NoMask/20251108120533_NoMask_frame246.jpg
2025-11-08 12:05:39,NoMask,0.5109277963638306,246,3,/content/drive/MyDrive/AI-SafetyEye-YOLOv8/violations/20251108/3/NoMask/20251108120539_NoMask_frame246.jpg
2025-11-08 12:05:43,NoMask,0.6622021794319153,247,3,/content/drive/MyDrive/AI-SafetyEye-YOLOv8/violations/20251108/3/NoMask/20251108120543_NoMask_frame247.jpg
2025-11-08 12:05:44,NoMask,0.6548030972480774,247,3,/content/drive/MyDrive/AI-SafetyEye-YOLOv8/violations/20251108/3/NoMask/20251108120544_NoMask_frame247.jpg
2025-11-08 12:05:50,NoMask,0.6622028350830078,248,3,/content/drive/MyDrive/AI-SafetyEye-YOLOv8/violations/20251108/3/NoMask/20251108120550_NoMask_frame248.jpg
2025-11-08 12:05:51,NoMask,0.65482097864151,248,3,/content/drive/MyDrive/AI-SafetyEye-YOLOv8/violations/20251108/3/NoMask/20251108120551_NoMask_frame248.jpg
2025-11-08 12:05:57,NoMask,0.662204921245575,249,3,/content/drive/MyDrive/AI-SafetyEye-YOLOv8/violations/20251108/3/NoMask/20251108120557_NoMask_frame249.jpg
2025-11-08 12:05:58,NoMask,0.6548576354980469,249,3,/content/drive/MyDrive/AI-SafetyEye-YOLOv8/violations/20251108/3/NoMask/20251108120558_NoMask_frame249.jpg
2025-11-08 12:06:05,NoMask,0.7065771222114563,250,3,/content/drive/MyDrive/AI-SafetyEye-YOLOv8/violations/20251108/3/NoMask/20251108120605_NoMask_frame250.jpg
2025-11-08 12:06:08,NoMask,0.512502908706665,250,3,/content/drive/MyDrive/AI-SafetyEye-YOLOv8/violations/20251108/3/NoMask/20251108120608_NoMask_frame250.jpg
2025-11-08 12:06:13,NoMask,0.7065203785896301,251,3,/content/drive/MyDrive/AI-SafetyEye-YOLOv8/violations/20251108/3/NoMask/20251108120613_NoMask_frame251.jpg
2025-11-08 12:06:16,NoMask,0.5184469223022461,251,3,/content/drive/MyDrive/AI-SafetyEye-YOLOv8/violations/20251108/3/NoMask/20251108120616_NoMask_frame251.jpg
2025-11-08 12:06:21,NoMask,0.7051120400428772,252,3,/content/drive/MyDrive/AI-SafetyEye-YOLOv8/violations/20251108/3/NoMask/20251108120621_NoMask_frame252.jpg
2025-11-08 12:06:24,NoMask,0.510882556438446,252,3,/content/drive/MyDrive/AI-SafetyEye-YOLOv8/violations/20251108/3/NoMask/20251108120624_NoMask_frame252.jpg
2025-11-08 12:06:30,NoMask,0.6171794533729553,253,3,/content/drive/MyDrive/AI-SafetyEye-YOLOv8/violations/20251108/3/NoMask/20251108120630_NoMask_frame253.jpg
2025-11-08 12:06:32,NoMask,0.5388393402099609,253,3,/content/drive/MyDrive/AI-SafetyEye-YOLOv8/violations/20251108/3/NoMask/20251108120632_NoMask_frame253.jpg
2025-11-08 12:06:37,NoMask,0.6246585249900818,254,3,/content/drive/MyDrive/AI-SafetyEye-YOLOv8/violations/20251108/3/NoMask/20251108120637_NoMask_frame254.jpg
2025-11-08 12:06:41,NoMask,0.5316323041915894,254,3,/content/drive/MyDrive/AI-SafetyEye-YOLOv8/violations/20251108/3/NoMask/20251108120641_NoMask_frame254.jpg
2025-11-08 12:06:45,NoMask,0.6658424735069275,255,3,/content/drive/MyDrive/AI-SafetyEye-YOLOv8/violations/20251108/3/NoMask/20251108120645_NoMask_frame255.jpg
2025-11-08 12:06:50,NoMask,0.7165096402168274,256,3,/content/drive/MyDrive/AI-SafetyEye-YOLOv8/violations/20251108/3/NoMask/20251108120650_NoMask_frame256.jpg
2025-11-08 12:06:53,NoMask,0.5655035376548767,256,3,/content/drive/MyDrive/AI-SafetyEye-YOLOv8/violations/20251108/3/NoMask/20251108120653_NoMask_frame256.jpg
2025-11-08 12:06:57,NoMask,0.7139567732810974,257,3,/content/drive/MyDrive/AI-SafetyEye-YOLOv8/violations/20251108/3/NoMask/20251108120657_NoMask_frame257.jpg
2025-11-08 12:07:00,NoMask,0.557935357093811,257,3,/content/drive/MyDrive/AI-SafetyEye-YOLOv8/violations/20251108/3/NoMask/20251108120700_NoMask_frame257.jpg
2025-11-08 12:01:24,NoHelmet,0.5399873852729797,149,2,/content/drive/MyDrive/AI-SafetyEye-YOLOv8/violations/20251108/2/NoHelmet/20251108120124_NoHelmet_frame149.jpg
2025-11-08 12:01:28,NoHelmet,0.5278926491737366,150,2,/content/drive/MyDrive/AI-SafetyEye-YOLOv8/violations/20251108/2/NoHelmet/20251108120128_NoHelmet_frame150.jpg
2025-11-08 12:01:31,NoHelmet,0.580223798751831,151,2,/content/drive/MyDrive/AI-SafetyEye-YOLOv8/violations/20251108/2/NoHelmet/20251108120131_NoHelmet_frame151.jpg
2025-11-08 12:01:34,NoHelmet,0.5828117728233337,152,2,/content/drive/MyDrive/AI-SafetyEye-YOLOv8/violations/20251108/2/NoHelmet/20251108120134_NoHelmet_frame152.jpg
2025-11-08 12:02:03,NoHelmet,0.5681630969047546,163,2,/content/drive/MyDrive/AI-SafetyEye-YOLOv8/violations/20251108/2/NoHelmet/20251108120203_NoHelmet_frame163.jpg
2025-11-08 12:02:07,NoHelmet,0.6659774780273438,164,2,/content/drive/MyDrive/AI-SafetyEye-YOLOv8/violations/20251108/2/NoHelmet/20251108120207_NoHelmet_frame164.jpg
2025-11-08 12:02:14,NoHelmet,0.6240290999412537,165,2,/content/drive/MyDrive/AI-SafetyEye-YOLOv8/violations/20251108/2/NoHelmet/20251108120214_NoHelmet_frame165.jpg
2025-11-08 12:02:20,NoHelmet,0.5871150493621826,166,2,/content/drive/MyDrive/AI-SafetyEye-YOLOv8/violations/20251108/2/NoHelmet/20251108120220_NoHelmet_frame166.jpg
2025-11-08 12:02:24,NoHelmet,0.5879347920417786,167,2,/content/drive/MyDrive/AI-SafetyEye-YOLOv8/violations/20251108/2/NoHelmet/20251108120224_NoHelmet_frame167.jpg
2025-11-08 12:02:27,NoHelmet,0.5927897691726685,168,2,/content/drive/MyDrive/AI-SafetyEye-YOLOv8/violations/20251108/2/NoHelmet/20251108120227_NoHelmet_frame168.jpg
2025-11-08 12:02:32,NoHelmet,0.5729389190673828,169,2,/content/drive/MyDrive/AI-SafetyEye-YOLOv8/violations/20251108/2/NoHelmet/20251108120232_NoHelmet_frame169.jpg
2025-11-08 12:02:34,NoHelmet,0.6721118688583374,170,2,/content/drive/MyDrive/AI-SafetyEye-YOLOv8/violations/20251108/2/NoHelmet/20251108120234_NoHelmet_frame170.jpg
2025-11-08 12:02:38,NoHelmet,0.6857240200042725,171,2,/content/drive/MyDrive/AI-SafetyEye-YOLOv8/violations/20251108/2/NoHelmet/20251108120238_NoHelmet_frame171.jpg
2025-11-08 12:27:29,NoVest,0.547782301902771,46,4,/content/drive/MyDrive/AI-SafetyEye-YOLOv8/violations/20251108/4/NoVest/20251108122729_NoVest_frame46.jpg
2025-11-08 12:27:29,NoVest,0.6974574327468872,49,4,/content/drive/MyDrive/AI-SafetyEye-YOLOv8/violations/20251108/4/NoVest/20251108122729_NoVest_frame49.jpg
2025-11-08 12:27:30,NoVest,0.7950661182403564,52,4,/content/drive/MyDrive/AI-SafetyEye-YOLOv8/violations/20251108/4/NoVest/20251108122730_NoVest_frame52.jpg
2025-11-08 12:27:30,NoVest,0.76714026927948,55,4,/content/drive/MyDrive/AI-SafetyEye-YOLOv8/violations/20251108/4/NoVest/20251108122730_NoVest_frame55.jpg
2025-11-08 12:27:30,NoVest,0.7592480182647705,58,4,/content/drive/MyDrive/AI-SafetyEye-YOLOv8/violations/20251108/4/NoVest/20251108122730_NoVest_frame58.jpg
2025-11-08 12:27:30,NoVest,0.7738795876502991,61,4,/content/drive/MyDrive/AI-SafetyEye-YOLOv8/violations/20251108/4/NoVest/20251108122730_NoVest_frame61.jpg
2025-11-08 12:27:30,NoVest,0.7848145365715027,64,4,/content/drive/MyDrive/AI-SafetyEye-YOLOv8/violations/20251108/4/NoVest/20251108122730_NoVest_frame64.jpg
2025-11-08 12:27:30,NoVest,0.8158089518547058,67,4,/content/drive/MyDrive/AI-SafetyEye-YOLOv8/violations/20251108/4/NoVest/20251108122730_NoVest_frame67.jpg
2025-11-08 12:27:30,NoVest,0.7773399353027344,70,4,/content/drive/MyDrive/AI-SafetyEye-YOLOv8/violations/20251108/4/NoVest/20251108122730_NoVest_frame70.jpg
2025-11-08 12:27:30,NoVest,0.6408388614654541,70,4,/content/drive/MyDrive/AI-SafetyEye-YOLOv8/violations/20251108/4/NoVest/20251108122730_NoVest_frame70.jpg
2025-11-08 12:27:30,NoVest,0.7698893547058105,73,4,/content/drive/MyDrive/AI-SafetyEye-YOLOv8/violations/20251108/4/NoVest/20251108122730_NoVest_frame73.jpg
2025-11-08 12:27:31,NoVest,0.7065207958221436,73,4,/content/drive/MyDrive/AI-SafetyEye-YOLOv8/violations/20251108/4/NoVest/20251108122730_NoVest_frame73.jpg
2025-11-08 12:27:31,NoVest,0.7253080606460571,76,4,/content/drive/MyDrive/AI-SafetyEye-YOLOv8/violations/20251108/4/NoVest/20251108122731_NoVest_frame76.jpg
2025-11-08 12:27:31,NoVest,0.7436915636062622,79,4,/content/drive/MyDrive/AI-SafetyEye-YOLOv8/violations/20251108/4/NoVest/20251108122731_NoVest_frame79.jpg
2025-11-08 12:27:31,NoVest,0.7686491012573242,82,4,/content/drive/MyDrive/AI-SafetyEye-YOLOv8/violations/20251108/4/NoVest/20251108122731_NoVest_frame82.jpg
2025-11-08 12:27:31,NoMask,0.5755963921546936,82,3,/content/drive/MyDrive/AI-SafetyEye-YOLOv8/violations/20251108/3/NoMask/20251108122731_NoMask_frame82.jpg
2025-11-08 12:27:31,NoVest,0.7537180781364441,85,4,/content/drive/MyDrive/AI-SafetyEye-YOLOv8/violations/20251108/4/NoVest/20251108122731_NoVest_frame85.jpg
2025-11-08 12:27:31,NoVest,0.783183217048645,88,4,/content/drive/MyDrive/AI-SafetyEye-YOLOv8/violations/20251108/4/NoVest/20251108122731_NoVest_frame88.jpg
2025-11-08 12:27:31,NoMask,0.5732167959213257,88,3,/content/drive/MyDrive/AI-SafetyEye-YOLOv8/violations/20251108/3/NoMask/20251108122731_NoMask_frame88.jpg
2025-11-08 12:27:31,NoVest,0.7373546957969666,91,4,/content/drive/MyDrive/AI-SafetyEye-YOLOv8/violations/20251108/4/NoVest/20251108122731_NoVest_frame91.jpg
2025-11-08 12:27:32,NoVest,0.7949734926223755,94,4,/content/drive/MyDrive/AI-SafetyEye-YOLOv8/violations/20251108/4/NoVest/20251108122732_NoVest_frame94.jpg
2025-11-08 12:27:32,NoVest,0.7731902599334717,97,4,/content/drive/MyDrive/AI-SafetyEye-YOLOv8/violations/20251108/4/NoVest/20251108122732_NoVest_frame97.jpg
2025-11-08 12:27:32,NoVest,0.7025334239006042,97,4,/content/drive/MyDrive/AI-SafetyEye-YOLOv8/violations/20251108/4/NoVest/20251108122732_NoVest_frame97.jpg
2025-11-08 12:27:32,NoVest,0.7405998110771179,100,4,/content/drive/MyDrive/AI-SafetyEye-YOLOv8/violations/20251108/4/NoVest/20251108122732_NoVest_frame100.jpg
2025-11-08 12:27:32,NoVest,0.7338491678237915,100,4,/content/drive/MyDrive/AI-SafetyEye-YOLOv8/violations/20251108/4/NoVest/20251108122732_NoVest_frame100.jpg
2025-11-08 12:27:32,NoVest,0.7960878610610962,103,4,/content/drive/MyDrive/AI-SafetyEye-YOLOv8/violations/20251108/4/NoVest/20251108122732_NoVest_frame103.jpg
2025-11-08 12:27:32,NoMask,0.6356170177459717,103,3,/content/drive/MyDrive/AI-SafetyEye-YOLOv8/violations/20251108/3/NoMask/20251108122732_NoMask_frame103.jpg
2025-11-08 12:27:32,NoVest,0.791389524936676,106,4,/content/drive/MyDrive/AI-SafetyEye-YOLOv8/violations/20251108/4/NoVest/20251108122732_NoVest_frame106.jpg
2025-11-08 12:27:33,NoMask,0.6694909930229187,106,3,/content/drive/MyDrive/AI-SafetyEye-YOLOv8/violations/20251108/3/NoMask/20251108122733_NoMask_frame106.jpg
2025-11-08 12:27:33,NoVest,0.7882778644561768,109,4,/content/drive/MyDrive/AI-SafetyEye-YOLOv8/violations/20251108/4/NoVest/20251108122733_NoVest_frame109.jpg
2025-11-08 12:27:33,NoMask,0.6667879819869995,109,3,/content/drive/MyDrive/AI-SafetyEye-YOLOv8/violations/20251108/3/NoMask/20251108122733_NoMask_frame109.jpg
2025-11-08 12:27:33,NoVest,0.8077771067619324,112,4,/content/drive/MyDrive/AI-SafetyEye-YOLOv8/violations/20251108/4/NoVest/20251108122733_NoVest_frame112.jpg
2025-11-08 12:27:33,NoMask,0.6009170413017273,112,3,/content/drive/MyDrive/AI-SafetyEye-YOLOv8/violations/20251108/3/NoMask/20251108122733_NoMask_frame112.jpg
2025-11-08 12:27:33,NoVest,0.8088578581809998,115,4,/content/drive/MyDrive/AI-SafetyEye-YOLOv8/violations/20251108/4/NoVest/20251108122733_NoVest_frame115.jpg
2025-11-08 12:27:33,NoMask,0.6301121115684509,115,3,/content/drive/MyDrive/AI-SafetyEye-YOLOv8/violations/20251108/3/NoMask/20251108122733_NoMask_frame115.jpg
2025-11-08 12:27:34,NoMask,0.6299191117286682,118,3,/content/drive/MyDrive/AI-SafetyEye-YOLOv8/violations/20251108/3/NoMask/20251108122733_NoMask_frame118.jpg
2025-11-08 12:27:34,NoVest,0.5110169649124146,118,4,/content/drive/MyDrive/AI-SafetyEye-YOLOv8/violations/20251108/4/NoVest/20251108122734_NoVest_frame118.jpg
2025-11-08 12:27:34,NoVest,0.6014230847358704,121,4,/content/drive/MyDrive/AI-SafetyEye-YOLOv8/violations/20251108/4/NoVest/20251108122734_NoVest_frame121.jpg
2025-11-08 12:27:34,NoMask,0.5951421856880188,121,3,/content/drive/MyDrive/AI-SafetyEye-YOLOv8/violations/20251108/3/NoMask/20251108122734_NoMask_frame121.jpg
2025-11-08 12:27:34,NoVest,0.6628889441490173,124,4,/content/drive/MyDrive/AI-SafetyEye-YOLOv8/violations/20251108/4/NoVest/20251108122734_NoVest_frame124.jpg
2025-11-08 12:27:34,NoMask,0.596832275390625,124,3,/content/drive/MyDrive/AI-SafetyEye-YOLOv8/violations/20251108/3/NoMask/20251108122734_NoMask_frame124.jpg
2025-11-08 12:27:34,NoVest,0.6903197765350342,127,4,/content/drive/MyDrive/AI-SafetyEye-YOLOv8/violations/20251108/4/NoVest/20251108122734_NoVest_frame127.jpg
2025-11-08 12:27:34,NoMask,0.6380976438522339,127,3,/content/drive/MyDrive/AI-SafetyEye-YOLOv8/violations/20251108/3/NoMask/20251108122734_NoMask_frame127.jpg
2025-11-08 12:27:35,NoVest,0.6530327200889587,130,4,/content/drive/MyDrive/AI-SafetyEye-YOLOv8/violations/20251108/4/NoVest/20251108122735_NoVest_frame130.jpg
2025-11-08 12:27:35,NoMask,0.5861358642578125,130,3,/content/drive/MyDrive/AI-SafetyEye-YOLOv8/violations/20251108/3/NoMask/20251108122735_NoMask_frame130.jpg
2025-11-08 12:27:35,NoMask,0.6967739462852478,133,3,/content/drive/MyDrive/AI-SafetyEye-YOLOv8/violations/20251108/3/NoMask/20251108122735_NoMask_frame133.jpg
2025-11-08 12:27:35,NoMask,0.7107624411582947,136,3,/content/drive/MyDrive/AI-SafetyEye-YOLOv8/violations/20251108/3/NoMask/20251108122735_NoMask_frame136.jpg
2025-11-08 12:27:35,NoVest,0.6289969086647034,136,4,/content/drive/MyDrive/AI-SafetyEye-YOLOv8/violations/20251108/4/NoVest/20251108122735_NoVest_frame136.jpg
2025-11-08 12:27:35,NoMask,0.7264350652694702,139,3,/content/drive/MyDrive/AI-SafetyEye-YOLOv8/violations/20251108/3/NoMask/20251108122735_NoMask_frame139.jpg
2025-11-08 12:27:35,NoVest,0.5499460697174072,139,4,/content/drive/MyDrive/AI-SafetyEye-YOLOv8/violations/20251108/4/NoVest/20251108122735_NoVest_frame139.jpg
2025-11-08 12:27:36,NoMask,0.7194452881813049,142,3,/content/drive/MyDrive/AI-SafetyEye-YOLOv8/violations/20251108/3/NoMask/20251108122736_NoMask_frame142.jpg
2025-11-08 12:27:36,NoVest,0.7077263593673706,142,4,/content/drive/MyDrive/AI-SafetyEye-YOLOv8/violations/20251108/4/NoVest/20251108122736_NoVest_frame142.jpg
2025-11-08 12:27:36,NoMask,0.6604111194610596,145,3,/content/drive/MyDrive/AI-SafetyEye-YOLOv8/violations/20251108/3/NoMask/20251108122736_NoMask_frame145.jpg
2025-11-08 12:27:36,NoVest,0.6066175103187561,145,4,/content/drive/MyDrive/AI-SafetyEye-YOLOv8/violations/20251108/4/NoVest/20251108122736_NoVest_frame145.jpg
2025-11-08 12:27:36,NoMask,0.6746777296066284,148,3,/content/drive/MyDrive/AI-SafetyEye-YOLOv8/violations/20251108/3/NoMask/20251108122736_NoMask_frame148.jpg
2025-11-08 12:27:36,NoMask,0.7543027400970459,151,3,/content/drive/MyDrive/AI-SafetyEye-YOLOv8/violations/20251108/3/NoMask/20251108122736_NoMask_frame151.jpg
2025-11-08 12:27:37,NoVest,0.6288284659385681,151,4,/content/drive/MyDrive/AI-SafetyEye-YOLOv8/violations/20251108/4/NoVest/20251108122737_NoVest_frame151.jpg
2025-11-08 12:27:37,NoMask,0.7228416204452515,154,3,/content/drive/MyDrive/AI-SafetyEye-YOLOv8/violations/20251108/3/NoMask/20251108122737_NoMask_frame154.jpg
2025-11-08 12:27:37,NoVest,0.5949468612670898,154,4,/content/drive/MyDrive/AI-SafetyEye-YOLOv8/violations/20251108/4/NoVest/20251108122737_NoVest_frame154.jpg
2025-11-08 12:27:37,NoMask,0.7404711842536926,157,3,/content/drive/MyDrive/AI-SafetyEye-YOLOv8/violations/20251108/3/NoMask/20251108122737_NoMask_frame157.jpg
2025-11-08 12:27:37,NoMask,0.7498661875724792,160,3,/content/drive/MyDrive/AI-SafetyEye-YOLOv8/violations/20251108/3/NoMask/20251108122737_NoMask_frame160.jpg
2025-11-08 12:27:37,NoVest,0.5292614698410034,160,4,/content/drive/MyDrive/AI-SafetyEye-YOLOv8/violations/20251108/4/NoVest/20251108122737_NoVest_frame160.jpg
2025-11-08 12:27:38,NoMask,0.6659576892852783,163,3,/content/drive/MyDrive/AI-SafetyEye-YOLOv8/violations/20251108/3/NoMask/20251108122738_NoMask_frame163.jpg
2025-11-08 12:27:38,NoVest,0.6318783164024353,163,4,/content/drive/MyDrive/AI-SafetyEye-YOLOv8/violations/20251108/4/NoVest/20251108122738_NoVest_frame163.jpg
2025-11-08 12:27:38,NoVest,0.7298553586006165,166,4,/content/drive/MyDrive/AI-SafetyEye-YOLOv8/violations/20251108/4/NoVest/20251108122738_NoVest_frame166.jpg
2025-11-08 12:27:38,NoMask,0.7095127105712891,166,3,/content/drive/MyDrive/AI-SafetyEye-YOLOv8/violations/20251108/3/NoMask/20251108122738_NoMask_frame166.jpg
2025-11-08 12:27:38,NoVest,0.7695499062538147,169,4,/content/drive/MyDrive/AI-SafetyEye-YOLOv8/violations/20251108/4/NoVest/20251108122738_NoVest_frame169.jpg
2025-11-08 12:27:39,NoMask,0.6875648498535156,169,3,/content/drive/MyDrive/AI-SafetyEye-YOLOv8/violations/20251108/3/NoMask/20251108122739_NoMask_frame169.jpg
2025-11-08 12:27:39,NoMask,0.7996587157249451,172,3,/content/drive/MyDrive/AI-SafetyEye-YOLOv8/violations/20251108/3/NoMask/20251108122739_NoMask_frame172.jpg
2025-11-08 12:27:39,NoVest,0.6630436778068542,172,4,/content/drive/MyDrive/AI-SafetyEye-YOLOv8/violations/20251108/4/NoVest/20251108122739_NoVest_frame172.jpg
2025-11-08 12:27:40,NoMask,0.7859051823616028,175,3,/content/drive/MyDrive/AI-SafetyEye-YOLOv8/violations/20251108/3/NoMask/20251108122740_NoMask_frame175.jpg
2025-11-08 12:27:40,NoVest,0.5264282822608948,175,4,/content/drive/MyDrive/AI-SafetyEye-YOLOv8/violations/20251108/4/NoVest/20251108122740_NoVest_frame175.jpg
2025-11-08 12:27:40,NoMask,0.6958263516426086,178,3,/content/drive/MyDrive/AI-SafetyEye-YOLOv8/violations/20251108/3/NoMask/20251108122740_NoMask_frame178.jpg
2025-11-08 12:27:40,NoMask,0.7700217962265015,181,3,/content/drive/MyDrive/AI-SafetyEye-YOLOv8/violations/20251108/3/NoMask/20251108122740_NoMask_frame181.jpg
2025-11-08 12:27:41,NoVest,0.6354707479476929,181,4,/content/drive/MyDrive/AI-SafetyEye-YOLOv8/violations/20251108/4/NoVest/20251108122741_NoVest_frame181.jpg
2025-11-08 12:27:41,NoMask,0.7180054187774658,184,3,/content/drive/MyDrive/AI-SafetyEye-YOLOv8/violations/20251108/3/NoMask/20251108122741_NoMask_frame184.jpg
2025-11-08 12:27:41,NoVest,0.6512734889984131,184,4,/content/drive/MyDrive/AI-SafetyEye-YOLOv8/violations/20251108/4/NoVest/20251108122741_NoVest_frame184.jpg
2025-11-08 12:27:41,NoMask,0.7941378355026245,187,3,/content/drive/MyDrive/AI-SafetyEye-YOLOv8/violations/20251108/3/NoMask/20251108122741_NoMask_frame187.jpg
2025-11-08 12:27:41,NoVest,0.7336714267730713,187,4,/content/drive/MyDrive/AI-SafetyEye-YOLOv8/violations/20251108/4/NoVest/20251108122741_NoVest_frame187.jpg
2025-11-08 12:27:42,NoMask,0.7076225876808167,190,3,/content/drive/MyDrive/AI-SafetyEye-YOLOv8/violations/20251108/3/NoMask/20251108122742_NoMask_frame190.jpg
2025-11-08 12:27:42,NoVest,0.6897051334381104,190,4,/content/drive/MyDrive/AI-SafetyEye-YOLOv8/violations/20251108/4/NoVest/20251108122742_NoVest_frame190.jpg
2025-11-08 12:27:42,NoMask,0.7279682755470276,193,3,/content/drive/MyDrive/AI-SafetyEye-YOLOv8/violations/20251108/3/NoMask/20251108122742_NoMask_frame193.jpg
2025-11-08 12:27:42,NoMask,0.724243700504303,196,3,/content/drive/MyDrive/AI-SafetyEye-YOLOv8/violations/20251108/3/NoMask/20251108122742_NoMask_frame196.jpg
2025-11-08 12:27:42,NoVest,0.6448504328727722,196,4,/content/drive/MyDrive/AI-SafetyEye-YOLOv8/violations/20251108/4/NoVest/20251108122742_NoVest_frame196.jpg
2025-11-08 12:27:43,NoMask,0.7935311198234558,199,3,/content/drive/MyDrive/AI-SafetyEye-YOLOv8/violations/20251108/3/NoMask/20251108122743_NoMask_frame199.jpg
2025-11-08 12:27:43,NoVest,0.5154420137405396,199,4,/content/drive/MyDrive/AI-SafetyEye-YOLOv8/violations/20251108/4/NoVest/20251108122743_NoVest_frame199.jpg
2025-11-08 12:27:43,NoMask,0.7279338836669922,202,3,/content/drive/MyDrive/AI-SafetyEye-YOLOv8/violations/20251108/3/NoMask/20251108122743_NoMask_frame202.jpg
2025-11-08 12:27:44,NoVest,0.5054286122322083,202,4,/content/drive/MyDrive/AI-SafetyEye-YOLOv8/violations/20251108/4/NoVest/20251108122744_NoVest_frame202.jpg
2025-11-08 12:27:44,NoMask,0.7320274114608765,205,3,/content/drive/MyDrive/AI-SafetyEye-YOLOv8/violations/20251108/3/NoMask/20251108122744_NoMask_frame205.jpg
2025-11-08 12:27:44,NoMask,0.6917280554771423,208,3,/content/drive/MyDrive/AI-SafetyEye-YOLOv8/violations/20251108/3/NoMask/20251108122744_NoMask_frame208.jpg
2025-11-08 12:27:44,NoMask,0.6156834959983826,211,3,/content/drive/MyDrive/AI-SafetyEye-YOLOv8/violations/20251108/3/NoMask/20251108122744_NoMask_frame211.jpg
2025-11-08 12:27:44,NoMask,0.7676757574081421,214,3,/content/drive/MyDrive/AI-SafetyEye-YOLOv8/violations/20251108/3/NoMask/20251108122744_NoMask_frame214.jpg
2025-11-08 12:27:45,NoVest,0.6022263169288635,232,4,/content/drive/MyDrive/AI-SafetyEye-YOLOv8/violations/20251108/4/NoVest/20251108122745_NoVest_frame232.jpg
2025-11-08 12:27:45,NoMask,0.7203259468078613,238,3,/content/drive/MyDrive/AI-SafetyEye-YOLOv8/violations/20251108/3/NoMask/20251108122745_NoMask_frame238.jpg
2025-11-08 12:27:45,NoMask,0.724645733833313,241,3,/content/drive/MyDrive/AI-SafetyEye-YOLOv8/violations/20251108/3/NoMask/20251108122745_NoMask_frame241.jpg
2025-11-08 12:27:46,NoVest,0.5469872355461121,241,4,/content/drive/MyDrive/AI-SafetyEye-YOLOv8/violations/20251108/4/NoVest/20251108122746_NoVest_frame241.jpg
2025-11-08 12:27:46,NoVest,0.5069982409477234,241,4,/content/drive/MyDrive/AI-SafetyEye-YOLOv8/violations/20251108/4/NoVest/20251108122746_NoVest_frame241.jpg
2025-11-08 12:27:46,NoMask,0.7215086817741394,244,3,/content/drive/MyDrive/AI-SafetyEye-YOLOv8/violations/20251108/3/NoMask/20251108122746_NoMask_frame244.jpg
2025-11-08 12:27:46,NoMask,0.6569303870201111,244,3,/content/drive/MyDrive/AI-SafetyEye-YOLOv8/violations/20251108/3/NoMask/20251108122746_NoMask_frame244.jpg
2025-11-08 12:27:46,NoVest,0.6146461367607117,244,4,/content/drive/MyDrive/AI-SafetyEye-YOLOv8/violations/20251108/4/NoVest/20251108122746_NoVest_frame244.jpg
2025-11-08 12:27:47,NoVest,0.6096235513687134,244,4,/content/drive/MyDrive/AI-SafetyEye-YOLOv8/violations/20251108/4/NoVest/20251108122747_NoVest_frame244.jpg
2025-11-08 12:27:47,NoVest,0.5147476196289062,244,4,/content/drive/MyDrive/AI-SafetyEye-YOLOv8/violations/20251108/4/NoVest/20251108122747_NoVest_frame244.jpg
2025-11-08 12:27:47,NoVest,0.7618940472602844,247,4,/content/drive/MyDrive/AI-SafetyEye-YOLOv8/violations/20251108/4/NoVest/20251108122747_NoVest_frame247.jpg
2025-11-08 12:27:48,NoMask,0.6640723943710327,247,3,/content/drive/MyDrive/AI-SafetyEye-YOLOv8/violations/20251108/3/NoMask/20251108122748_NoMask_frame247.jpg
2025-11-08 12:27:48,NoMask,0.6639490127563477,247,3,/content/drive/MyDrive/AI-SafetyEye-YOLOv8/violations/20251108/3/NoMask/20251108122748_NoMask_frame247.jpg
2025-11-08 12:27:48,NoVest,0.6240154504776001,247,4,/content/drive/MyDrive/AI-SafetyEye-YOLOv8/violations/20251108/4/NoVest/20251108122748_NoVest_frame247.jpg
2025-11-08 12:27:48,NoVest,0.6066076755523682,247,4,/content/drive/MyDrive/AI-SafetyEye-YOLOv8/violations/20251108/4/NoVest/20251108122748_NoVest_frame247.jpg
2025-11-08 12:27:48,NoMask,0.7351234555244446,250,3,/content/drive/MyDrive/AI-SafetyEye-YOLOv8/violations/20251108/3/NoMask/20251108122748_NoMask_frame250.jpg
2025-11-08 12:27:49,NoVest,0.7066921591758728,250,4,/content/drive/MyDrive/AI-SafetyEye-YOLOv8/violations/20251108/4/NoVest/20251108122749_NoVest_frame250.jpg
2025-11-08 12:27:49,NoMask,0.6909257769584656,250,3,/content/drive/MyDrive/AI-SafetyEye-YOLOv8/violations/20251108/3/NoMask/20251108122749_NoMask_frame250.jpg
2025-11-08 12:27:49,NoVest,0.6488851308822632,250,4,/content/drive/MyDrive/AI-SafetyEye-YOLOv8/violations/20251108/4/NoVest/20251108122749_NoVest_frame250.jpg
2025-11-08 12:27:49,NoVest,0.625150740146637,250,4,/content/drive/MyDrive/AI-SafetyEye-YOLOv8/violations/20251108/4/NoVest/20251108122749_NoVest_frame250.jpg
2025-11-08 12:27:50,NoMask,0.7373684048652649,253,3,/content/drive/MyDrive/AI-SafetyEye-YOLOv8/violations/20251108/3/NoMask/20251108122750_NoMask_frame253.jpg
2025-11-08 12:27:50,NoVest,0.720268726348877,253,4,/content/drive/MyDrive/AI-SafetyEye-YOLOv8/violations/20251108/4/NoVest/20251108122750_NoVest_frame253.jpg
2025-11-08 12:27:50,NoVest,0.6654723882675171,253,4,/content/drive/MyDrive/AI-SafetyEye-YOLOv8/violations/20251108/4/NoVest/20251108122750_NoVest_frame253.jpg
2025-11-08 12:27:50,NoMask,0.6335532665252686,253,3,/content/drive/MyDrive/AI-SafetyEye-YOLOv8/violations/20251108/3/NoMask/20251108122750_NoMask_frame253.jpg
2025-11-08 12:27:51,NoVest,0.6300085186958313,253,4,/content/drive/MyDrive/AI-SafetyEye-YOLOv8/violations/20251108/4/NoVest/20251108122751_NoVest_frame253.jpg
2025-11-08 12:27:51,NoVest,0.8161802887916565,256,4,/content/drive/MyDrive/AI-SafetyEye-YOLOv8/violations/20251108/4/NoVest/20251108122751_NoVest_frame256.jpg
2025-11-08 12:27:51,NoMask,0.8142725229263306,256,3,/content/drive/MyDrive/AI-SafetyEye-YOLOv8/violations/20251108/3/NoMask/20251108122751_NoMask_frame256.jpg
2025-11-08 12:27:51,NoVest,0.7997684478759766,256,4,/content/drive/MyDrive/AI-SafetyEye-YOLOv8/violations/20251108/4/NoVest/20251108122751_NoVest_frame256.jpg
2025-11-08 12:27:52,NoMask,0.6990534067153931,256,3,/content/drive/MyDrive/AI-SafetyEye-YOLOv8/violations/20251108/3/NoMask/20251108122752_NoMask_frame256.jpg
2025-11-08 12:27:52,NoVest,0.6965083479881287,256,4,/content/drive/MyDrive/AI-SafetyEye-YOLOv8/violations/20251108/4/NoVest/20251108122752_NoVest_frame256.jpg
2025-11-09 05:20:25,NoHelmet,0.6631184816360474,10,2,/content/drive/MyDrive/AI-SafetyEye-YOLOv8/violations/20251109/2/NoHelmet/20251109052025_NoHelmet_frame10.jpg
2025-11-09 05:20:25,NoHelmet,0.5024340152740479,13,2,/content/drive/MyDrive/AI-SafetyEye-YOLOv8/violations/20251109/2/NoHelmet/20251109052025_NoHelmet_frame13.jpg
2025-11-09 05:20:28,NoMask,0.5661616921424866,37,3,/content/drive/MyDrive/AI-SafetyEye-YOLOv8/violations/20251109/3/NoMask/20251109052028_NoMask_frame37.jpg
2025-11-09 05:20:29,NoHelmet,0.5295796394348145,46,2,/content/drive/MyDrive/AI-SafetyEye-YOLOv8/violations/20251109/2/NoHelmet/20251109052029_NoHelmet_frame46.jpg
2025-11-09 05:20:29,NoHelmet,0.6100626587867737,49,2,/content/drive/MyDrive/AI-SafetyEye-YOLOv8/violations/20251109/2/NoHelmet/20251109052029_NoHelmet_frame49.jpg
2025-11-09 05:20:29,NoMask,0.5850025415420532,49,3,/content/drive/MyDrive/AI-SafetyEye-YOLOv8/violations/20251109/3/NoMask/20251109052029_NoMask_frame49.jpg
2025-11-09 05:20:30,NoHelmet,0.613690197467804,55,2,/content/drive/MyDrive/AI-SafetyEye-YOLOv8/violations/20251109/2/NoHelmet/20251109052030_NoHelmet_frame55.jpg
2025-11-09 05:20:31,NoHelmet,0.6284016370773315,58,2,/content/drive/MyDrive/AI-SafetyEye-YOLOv8/violations/20251109/2/NoHelmet/20251109052031_NoHelmet_frame58.jpg
2025-11-09 05:20:31,NoMask,0.5115910172462463,61,3,/content/drive/MyDrive/AI-SafetyEye-YOLOv8/violations/20251109/3/NoMask/20251109052031_NoMask_frame61.jpg
2025-11-09 05:20:33,NoMask,0.5122291445732117,73,3,/content/drive/MyDrive/AI-SafetyEye-YOLOv8/violations/20251109/3/NoMask/20251109052033_NoMask_frame73.jpg
2025-11-09 05:20:34,NoHelmet,0.5920835137367249,79,2,/content/drive/MyDrive/AI-SafetyEye-YOLOv8/violations/20251109/2/NoHelmet/20251109052034_NoHelmet_frame79.jpg
2025-11-09 05:20:34,NoMask,0.5342473387718201,79,3,/content/drive/MyDrive/AI-SafetyEye-YOLOv8/violations/20251109/3/NoMask/20251109052034_NoMask_frame79.jpg
2025-11-09 05:20:36,NoMask,0.5782942771911621,94,3,/content/drive/MyDrive/AI-SafetyEye-YOLOv8/violations/20251109/3/NoMask/20251109052036_NoMask_frame94.jpg
2025-11-09 05:20:36,NoMask,0.5759218335151672,100,3,/content/drive/MyDrive/AI-SafetyEye-YOLOv8/violations/20251109/3/NoMask/20251109052036_NoMask_frame100.jpg
2025-11-09 05:20:37,NoMask,0.5076314210891724,103,3,/content/drive/MyDrive/AI-SafetyEye-YOLOv8/violations/20251109/3/NoMask/20251109052037_NoMask_frame103.jpg
2025-11-09 05:20:37,NoMask,0.5125656127929688,106,3,/content/drive/MyDrive/AI-SafetyEye-YOLOv8/violations/20251109/3/NoMask/20251109052037_NoMask_frame106.jpg
2025-11-09 05:20:38,NoMask,0.5762709379196167,109,3,/content/drive/MyDrive/AI-SafetyEye-YOLOv8/violations/20251109/3/NoMask/20251109052038_NoMask_frame109.jpg
2025-11-09 05:20:38,NoMask,0.5273873805999756,112,3,/content/drive/MyDrive/AI-SafetyEye-YOLOv8/violations/20251109/3/NoMask/20251109052038_NoMask_frame112.jpg
2025-11-09 05:20:39,NoMask,0.5416593551635742,115,3,/content/drive/MyDrive/AI-SafetyEye-YOLOv8/violations/20251109/3/NoMask/20251109052039_NoMask_frame115.jpg
2025-11-09 05:20:39,NoMask,0.6302798986434937,118,3,/content/drive/MyDrive/AI-SafetyEye-YOLOv8/violations/20251109/3/NoMask/20251109052039_NoMask_frame118.jpg
2025-11-09 05:20:40,NoMask,0.5955155491828918,121,3,/content/drive/MyDrive/AI-SafetyEye-YOLOv8/violations/20251109/3/NoMask/20251109052040_NoMask_frame121.jpg
2025-11-09 05:20:40,NoMask,0.5090303421020508,127,3,/content/drive/MyDrive/AI-SafetyEye-YOLOv8/violations/20251109/3/NoMask/20251109052040_NoMask_frame127.jpg
2025-11-09 05:20:47,NoMask,0.6608566641807556,187,3,/content/drive/MyDrive/AI-SafetyEye-YOLOv8/violations/20251109/3/NoMask/20251109052047_NoMask_frame187.jpg
2025-11-09 05:20:48,NoMask,0.5180923342704773,190,3,/content/drive/MyDrive/AI-SafetyEye-YOLOv8/violations/20251109/3/NoMask/20251109052048_NoMask_frame190.jpg
2025-11-09 05:25:21,NoHelmet,0.6631184816360474,10,2,/content/drive/MyDrive/AI-SafetyEye-YOLOv8/violations/20251109/2/NoHelmet/20251109052521_NoHelmet_frame10.jpg
2025-11-09 05:25:22,NoHelmet,0.5024340152740479,13,2,/content/drive/MyDrive/AI-SafetyEye-YOLOv8/violations/20251109/2/NoHelmet/20251109052522_NoHelmet_frame13.jpg
2025-11-09 05:25:24,NoMask,0.5661616921424866,37,3,/content/drive/MyDrive/AI-SafetyEye-YOLOv8/violations/20251109/3/NoMask/20251109052524_NoMask_frame37.jpg
2025-11-09 05:25:25,NoHelmet,0.5295796394348145,46,2,/content/drive/MyDrive/AI-SafetyEye-YOLOv8/violations/20251109/2/NoHelmet/20251109052525_NoHelmet_frame46.jpg
2025-11-09 05:25:26,NoHelmet,0.6100626587867737,49,2,/content/drive/MyDrive/AI-SafetyEye-YOLOv8/violations/20251109/2/NoHelmet/20251109052526_NoHelmet_frame49.jpg
2025-11-09 05:25:26,NoMask,0.5850025415420532,49,3,/content/drive/MyDrive/AI-SafetyEye-YOLOv8/violations/20251109/3/NoMask/20251109052526_NoMask_frame49.jpg
2025-11-09 05:25:26,NoHelmet,0.613690197467804,55,2,/content/drive/MyDrive/AI-SafetyEye-YOLOv8/violations/20251109/2/NoHelmet/20251109052526_NoHelmet_frame55.jpg
2025-11-09 05:25:27,NoHelmet,0.6284016370773315,58,2,/content/drive/MyDrive/AI-SafetyEye-YOLOv8/violations/20251109/2/NoHelmet/20251109052527_NoHelmet_frame58.jpg
2025-11-09 05:25:27,NoMask,0.5115910172462463,61,3,/content/drive/MyDrive/AI-SafetyEye-YOLOv8/violations/20251109/3/NoMask/20251109052527_NoMask_frame61.jpg
2025-11-09 05:25:29,NoMask,0.5122291445732117,73,3,/content/drive/MyDrive/AI-SafetyEye-YOLOv8/violations/20251109/3/NoMask/20251109052528_NoMask_frame73.jpg
2025-11-09 05:25:29,NoHelmet,0.5920835137367249,79,2,/content/drive/MyDrive/AI-SafetyEye-YOLOv8/violations/20251109/2/NoHelmet/20251109052529_NoHelmet_frame79.jpg
2025-11-09 05:25:30,NoMask,0.5342473387718201,79,3,/content/drive/MyDrive/AI-SafetyEye-YOLOv8/violations/20251109/3/NoMask/20251109052530_NoMask_frame79.jpg
2025-11-09 05:25:31,NoMask,0.5782942771911621,94,3,/content/drive/MyDrive/AI-SafetyEye-YOLOv8/violations/20251109/3/NoMask/20251109052531_NoMask_frame94.jpg
2025-11-09 05:25:32,NoMask,0.5759218335151672,100,3,/content/drive/MyDrive/AI-SafetyEye-YOLOv8/violations/20251109/3/NoMask/20251109052532_NoMask_frame100.jpg
2025-11-09 05:25:33,NoMask,0.5076314210891724,103,3,/content/drive/MyDrive/AI-SafetyEye-YOLOv8/violations/20251109/3/NoMask/20251109052533_NoMask_frame103.jpg
2025-11-09 05:25:33,NoMask,0.5125656127929688,106,3,/content/drive/MyDrive/AI-SafetyEye-YOLOv8/violations/20251109/3/NoMask/20251109052533_NoMask_frame106.jpg
2025-11-09 05:25:33,NoMask,0.5762709379196167,109,3,/content/drive/MyDrive/AI-SafetyEye-YOLOv8/violations/20251109/3/NoMask/20251109052533_NoMask_frame109.jpg
2025-11-09 05:25:34,NoMask,0.5273873805999756,112,3,/content/drive/MyDrive/AI-SafetyEye-YOLOv8/violations/20251109/3/NoMask/20251109052534_NoMask_frame112.jpg
2025-11-09 05:25:34,NoMask,0.5416593551635742,115,3,/content/drive/MyDrive/AI-SafetyEye-YOLOv8/violations/20251109/3/NoMask/20251109052534_NoMask_frame115.jpg
2025-11-09 05:25:35,NoMask,0.6302798986434937,118,3,/content/drive/MyDrive/AI-SafetyEye-YOLOv8/violations/20251109/3/NoMask/20251109052535_NoMask_frame118.jpg
2025-11-09 05:25:35,NoMask,0.5955155491828918,121,3,/content/drive/MyDrive/AI-SafetyEye-YOLOv8/violations/20251109/3/NoMask/20251109052535_NoMask_frame121.jpg
2025-11-09 05:25:36,NoMask,0.5090303421020508,127,3,/content/drive/MyDrive/AI-SafetyEye-YOLOv8/violations/20251109/3/NoMask/20251109052536_NoMask_frame127.jpg
2025-11-09 05:25:43,NoMask,0.6608566641807556,187,3,/content/drive/MyDrive/AI-SafetyEye-YOLOv8/violations/20251109/3/NoMask/20251109052543_NoMask_frame187.jpg
2025-11-09 05:25:43,NoMask,0.5180923342704773,190,3,/content/drive/MyDrive/AI-SafetyEye-YOLOv8/violations/20251109/3/NoMask/20251109052543_NoMask_frame190.jpg
